id,brand,model,size,span_cm,area_cm2,thickness_mm,is_baseline,thickness_estimated,specs_estimated,aliases
1,Gong,TRAIL,L,125.0,1660.0,26.1,False,False,False,
2,Gong,TRAIL,XL,135.0,1940.0,28.2,False,False,False,
3,Gong,TRAIL,XXL,145.0,2240.0,30.3,True,False,False,
4,Gong,ULTRA TRAIL,L,133.0,1000.0,18.0,False,False,False,
5,Gong,ULTRA TRAIL,XL,148.0,1250.0,20.2,False,False,False,
6,Gong,ULTRA TRAIL,XXL,162.0,1500.0,22.1,False,False,False,
7,Gong,ULTRA TRAIL,3XL,175.0,1750.0,23.9,False,False,False,
8,Gong,ULTRA TRAIL,4XL,188.0,2000.0,25.5,False,False,False,
9,Gong,SIRUS,L,116.0,1450.0,22.0,False,False,False,
10,Gong,SIRUS,XL,136.0,1700.0,23.0,False,False,False,
11,Gong,SIRUS,XXL,156.0,2000.0,23.0,False,False,False,
12,Gong,SIRUS,3XL,186.0,2400.0,23.0,False,False,False,
13,Gong,SIRUS,5XL,249.0,3100.0,23.0,False,False,False,
14,Sabfoil,LEVIATHAN,950,95.0,1300.0,22.9,False,False,False,
15,Sabfoil,LEVIATHAN,1150,115.0,1580.0,22.9,False,False,False,
16,Sabfoil,LEVIATHAN,1350,135.0,1870.0,22.9,False,False,False,
17,Sabfoil,LEVIATHAN,1550,155.0,2140.0,22.9,False,False,False,
18,Sabfoil,LEVIATHAN,1750,175.0,2400.0,22.9,False,False,False,
19,Sabfoil,LEVIATHAN PRO,1060,106.0,947.0,14.0,False,False,False,
20,Sabfoil,LEVIATHAN PRO,1160,116.0,1083.0,14.0,False,False,False,
21,Sabfoil,LEVIATHAN PRO,1260,126.0,1227.0,14.0,False,False,False,
22,Sabfoil,LEVIATHAN PRO,1360,132.0,1400.0,17.0,False,False,False,
23,Sabfoil,RAZOR PRO,1075,107.5,1061.0,17.0,False,False,False,
24,Sabfoil,SEA DEVIL,1040,104.0,2445.0,46.3,False,True,False,
25,Sabfoil,SEA DEVIL,1240,124.0,2742.0,44.7,False,True,False,
26,Duotone,GLIDE 2.0,620,80.0,620.0,15.0,False,False,False,
27,Duotone,GLIDE 2.0,750,88.0,750.0,16.0,False,False,False,
28,Duotone,GLIDE 2.0,900,96.0,900.0,17.0,False,False,False,
29,Duotone,GLIDE 2.0,1100,106.0,1100.0,18.5,False,False,False,
30,Duotone,GLIDE 2.0,1350,116.0,1350.0,20.0,False,False,False,
31,Duotone,GLIDE,1595,130.0,1595.0,18.5,False,False,False,
32,Duotone,AMP,1750,143.3,1750.0,18.5,False,False,False,
33,Duotone,AMP,2145,143.0,2145.0,22.0,False,False,False,
34,AXIS,PNG,850,85.0,1102.0,15.0,False,False,False,
35,AXIS,PNG,910,91.0,1267.0,16.0,False,False,False,
36,AXIS,PNG,910B,91.0,1267.0,16.0,False,False,False,
37,AXIS,PNG,1010,101.0,1430.0,17.0,False,False,False,
38,AXIS,PNG,1150,115.0,1778.0,18.0,False,False,False,
39,AXIS,PNG,1300,130.0,1712.0,18.0,False,False,False,
40,AXIS,PNG,1310,131.0,2080.0,18.5,False,False,False,
41,TAKOON,PUMP PRO,1350,133.0,1350.0,18.6,False,False,False,
42,TAKOON,PUMP PRO,1550,142.0,1550.0,20.5,False,False,False,
43,TAKOON,PUMP PRO,1750,151.0,1750.0,22.5,False,False,False,
44,TAKOON,PUMP PRO,1950,159.0,1950.0,24.0,False,False,False,
45,TAKOON,PUMP PRO,2300,173.5,2300.0,26.0,False,False,False,
46,Sabfoil,RAZOR PRO,675,68.0,550.0,14.1,False,False,False,
47,Sabfoil,RAZOR PRO,775,78.0,631.0,15.3,False,False,False,
48,Sabfoil,RAZOR PRO,825,82.0,746.0,16.0,False,False,False,
49,Sabfoil,RAZOR PRO,875,88.0,843.0,16.8,False,False,False,
50,Sabfoil,RAZOR PRO,975,98.0,942.0,16.8,False,False,False,
51,Sabfoil,MEDUSA PRO,669,66.9,548.0,14.2,False,False,False,
52,Sabfoil,MEDUSA PRO,769,76.9,700.0,15.7,False,False,False,
53,Sabfoil,MEDUSA PRO,869,86.9,854.0,17.0,False,False,False,
54,F-One,EAGLE,690,82.0,690.0,14.4,False,True,False,
55,F-One,EAGLE,790,86.5,790.0,15.7,False,True,False,
56,F-One,EAGLE,890,92.5,890.0,16.5,False,True,False,
57,F-One,EAGLE,990,97.0,990.0,17.5,False,True,False,
58,F-One,EAGLE,1090,102.0,1090.0,18.3,False,True,False,
59,F-One,EAGLE,1190,106.0,1190.0,19.2,False,True,False,
60,F-One,EAGLE,1290,110.5,1290.0,20.0,False,True,False,
61,F-One,EAGLE X,500,79.0,500.0,10.8,False,True,False,
62,F-One,EAGLE X,600,85.0,600.0,12.1,False,True,False,
63,F-One,EAGLE X,700,91.5,700.0,13.1,False,True,False,
64,F-One,EAGLE X,800,98.0,800.0,14.0,False,True,False,
65,F-One,EAGLE X,900,104.0,900.0,14.8,False,True,False,
66,F-One,EAGLE X,1000,109.5,1000.0,15.7,False,True,False,
67,F-One,SEVEN SEAS,1100,94.0,1100.0,20.1,False,True,False,
68,F-One,SEVEN SEAS,1200,98.0,1200.0,21.0,False,True,False,
69,F-One,SEVEN SEAS,1300,102.0,1300.0,21.8,False,True,False,
70,F-One,SEVEN SEAS,1400,105.5,1400.0,22.7,False,True,False,
71,F-One,SEVEN SEAS,1500,109.5,1500.0,23.5,False,True,False,
72,F-One,SEVEN SEAS,1600,113.0,1600.0,24.3,False,True,False,
73,F-One,PHANTOM,980,78.0,980.0,21.5,False,True,False,
74,F-One,PHANTOM,1080,80.0,1080.0,23.1,False,True,False,
75,F-One,PHANTOM,1280,87.0,1280.0,25.2,False,True,False,
76,F-One,PHANTOM,1480,96.0,1480.0,26.4,False,True,False,
77,F-One,PHANTOM,1780,107.0,1780.0,28.5,False,True,False,
78,Duotone,AMP 2.0 SLS,1550,143.0,1550.0,18.6,False,False,False,
79,Duotone,AMP 2.0 SLS,1800,148.0,1800.0,20.8,False,False,False,
80,Duotone,AMP 2.0 SLS,2100,143.0,2100.0,25.2,False,False,False,
81,Duotone,AERO GLIDE SLS,725,83.0,725.0,15.0,False,False,False,
82,Duotone,AERO GLIDE SLS,905,92.0,905.0,16.9,False,False,False,
83,Duotone,AERO GLIDE SLS,1085,100.0,1085.0,18.6,False,False,False,
84,Duotone,AERO GLIDE SLS,1305,110.0,1305.0,20.3,False,False,False,
85,AXIS,SURGE,740,74.0,590.0,13.7,False,True,False,
86,AXIS,SURGE,780,78.0,643.0,14.1,False,True,False,
87,AXIS,SURGE,830,83.0,728.0,15.0,False,True,False,
88,AXIS,SURGE,890,89.0,835.0,16.1,False,True,False,
89,AXIS,SURGE,950,95.0,949.0,17.1,False,True,False,
90,AXIS,SURGE,1010,101.0,1076.0,18.3,False,True,False,
91,AXIS,ART V2,819,82.0,674.0,14.1,False,True,False,
92,AXIS,ART V2,879,88.0,790.0,15.4,False,True,False,
93,AXIS,ART V2,939,94.0,900.0,16.4,False,True,False,
94,AXIS,ART V2,999,100.0,1026.0,17.5,False,True,False,
95,AXIS,ART V2,1099,110.0,1197.0,18.6,False,True,False,
96,AXIS,ART PRO,1201,120.1,1318.0,18.8,False,True,False,
97,AXIS,ART PRO,1401,140.1,1647.0,20.2,False,True,False,
98,AXIS,HPS,650,65.0,769.0,19.6,False,True,False,
99,AXIS,HPS,700,70.0,890.0,21.8,False,True,False,
100,AXIS,HPS,830,83.0,1014.0,20.9,False,True,False,
101,AXIS,HPS,880,88.0,1112.0,21.7,False,True,False,
102,AXIS,HPS,930,93.0,1214.0,22.4,False,True,False,
103,AXIS,HPS,980,98.0,1323.0,23.1,False,True,False,
104,AXIS,HPS,1050,105.0,1502.0,24.5,False,True,False,
105,TAKOON,PUMP,1500,123.0,1500.0,22.7,False,False,False,
106,TAKOON,PUMP,1700,133.0,1700.0,24.0,False,False,False,
107,TAKOON,PUMP,1900,141.0,1900.0,25.7,False,False,False,
108,TAKOON,X-GLIDE V2,1050,87.0,1050.0,21.0,False,False,False,
109,TAKOON,X-GLIDE V2,1250,95.0,1250.0,23.0,False,False,False,
110,TAKOON,X-GLIDE V2,1450,101.8,1450.0,24.0,False,False,False,
111,TAKOON,X-GLIDE V2,1700,110.0,1700.0,26.0,False,False,False,
112,TAKOON,H-GLIDE,750,87.0,750.0,15.0,False,False,False,
113,TAKOON,H-GLIDE,900,95.0,900.0,15.0,False,False,False,
114,TAKOON,H-GLIDE,1050,105.0,1050.0,15.0,False,False,False,
115,TAKOON,H-GLIDE,1200,110.0,1200.0,16.0,False,False,False,
116,TAKOON,FLOW,600,80.0,600.0,13.0,False,False,False,
117,TAKOON,FLOW,700,86.5,700.0,14.0,False,False,False,
118,TAKOON,FLOW,800,92.0,800.0,15.0,False,False,False,
119,TAKOON,FLOW,900,98.0,900.0,16.0,False,False,False,
120,TAKOON,FLOW,1050,105.0,1050.0,17.0,False,False,False,
121,TAKOON,FLOW,1200,112.0,1200.0,18.0,False,False,False,
122,TAKOON,XS-GLIDE,820,78.6,820.0,17.0,False,False,False,
123,TAKOON,XS-GLIDE,940,85.2,940.0,18.7,False,False,False,
124,Armstrong,HA,580,78.0,580.0,11.7,False,True,False,
125,Armstrong,HA,680,82.8,680.0,12.9,False,True,False,
126,Armstrong,HA,780,87.7,780.0,15.2,False,True,False,
127,Armstrong,HA,880,92.3,880.0,16.3,False,True,False,
128,Armstrong,HA,980,97.4,980.0,17.2,False,True,False,
129,Armstrong,HA,1080,102.0,1080.0,18.2,False,True,False,
130,Armstrong,HA,1180,106.6,1180.0,19.0,False,True,False,
131,Unifoil,Progression,140,89.8,903.0,18.7,False,True,False,
132,Unifoil,Progression,170,95.3,1097.0,21.4,False,True,False,
133,Unifoil,Progression,200,101.0,1290.0,23.8,False,True,False,
134,TAKOON,PUMP EXTREME,1400,157.0,1400.0,17.0,False,False,False,
135,TAKOON,PUMP EXTREME,1600,173.0,1600.0,18.0,False,False,False,
136,TAKOON,PUMP EXTREME,1800,190.0,1800.0,19.0,False,False,False,
137,GoFoil,GL,GL140,81.0,1085.0,21.0,False,True,False,
138,GoFoil,GL,GL180,96.0,1290.0,20.0,False,True,False,
139,GoFoil,GL,GL210,96.5,1495.0,23.0,False,True,False,
140,GoFoil,GL,GL240,107.0,1875.0,26.0,False,True,False,
141,Naish,Jet HA,640,81.0,640.0,7.0,False,True,False,
142,Naish,Jet HA,840,90.0,840.0,8.0,False,True,False,
143,Naish,Jet HA,1040,98.0,1040.0,10.0,False,True,False,
144,Naish,Jet HA,1240,103.0,1240.0,11.0,False,True,False,
145,Naish,Jet HA,1440,107.0,1440.0,12.0,False,True,False,
146,Naish,Jet HA,1640,110.0,1640.0,13.0,False,True,False,
147,Naish,Jet HA,1840,112.0,1840.0,15.0,False,True,False,
148,Cabrinha,Fusion H-Series MKII,H550,69.0,550.0,12.0,False,True,False,
149,Cabrinha,Fusion H-Series MKII,H700,81.5,700.0,13.0,False,True,False,
150,Cabrinha,Fusion H-Series MKII,H800,90.0,800.0,14.0,False,True,False,
151,Cabrinha,Fusion H-Series MKII,H850,90.0,850.0,14.0,False,True,False,
152,Cabrinha,Fusion H-Series MKII,H1000,90.0,1000.0,17.0,False,True,False,
153,Cabrinha,Fusion H-Series MKII,H1050,100.0,1050.0,15.0,False,True,False,
154,Cabrinha,Fusion H-Series MKII,H1300,109.0,1300.0,17.0,False,True,False,
155,Cabrinha,Fusion X-Series,X950,63.0,950.0,21.0,False,True,False,
156,Cabrinha,Fusion X-Series,X1300,78.0,1300.0,23.0,False,True,False,
157,Cabrinha,Fusion X-Series,X1600,90.0,1600.0,25.0,False,True,False,
158,Cabrinha,Fusion X-Series,X1950,100.0,1950.0,27.0,False,True,False,
159,Slingshot,Phantasm PTM,684,68.4,952.0,15.0,False,True,False,
160,Slingshot,Phantasm PTM,825,82.5,758.0,10.0,False,True,False,
161,Slingshot,Phantasm PTM,899,89.9,925.0,14.0,False,True,False,
162,Slingshot,Phantasm PTM,930,93.0,950.0,14.0,False,True,False,
163,Slingshot,Phantasm PFI,633,63.3,1270.0,34.0,False,True,False,
164,Slingshot,Phantasm PFI,730,73.0,1456.0,26.0,False,True,False,
165,Slingshot,Phantasm PFI,928,92.8,2389.0,42.0,False,True,False,
166,Slingshot,Phantasm E,866,86.6,1550.0,32.0,False,True,False,
167,Slingshot,Phantasm E,990,99.0,1800.0,34.0,False,True,False,
168,Slingshot,Phantasm G,700,70.0,900.0,21.0,False,True,False,
169,Slingshot,Phantasm G,800,80.0,1173.0,24.0,False,True,False,
170,Slingshot,Phantasm G,900,90.0,1263.0,23.0,False,True,False,
171,Slingshot,Phantasm G,1000,100.0,1355.0,22.0,False,True,False,
172,Lift Foils,Lift 90 High Aspect,90,80.0,581.0,5.8,False,True,False,
173,Lift Foils,Lift 110 High Aspect X,110,97.0,710.0,5.9,False,True,False,
174,Lift Foils,Lift 120 High Aspect,120,89.0,775.0,7.0,False,True,False,
175,Lift Foils,Lift 150 High Aspect X,150,99.0,968.0,7.8,False,True,False,
176,Lift Foils,Lift 200 High Aspect,200,94.0,1290.0,13.7,False,True,False,
177,Lift Foils,Lift Florence 110 X,110,97.0,710.0,5.9,False,True,False,
178,Lift Foils,Lift Florence 130 X,130,99.0,839.0,6.8,False,True,False,
179,Lift Foils,Lift 92 Havoc,92,71.0,594.0,8.4,False,True,False,
180,Lift Foils,Lift 105 Havoc,105,70.0,677.0,11.6,False,True,False,
181,Lift Foils,Lift 121 Havoc,121,74.0,774.0,12.5,False,True,False,
182,Lift Foils,Lift 148 Havoc,148,83.0,955.0,13.8,False,True,False,
183,Lift Foils,Lift 200 Surf V2,200,83.0,1290.0,18.7,False,True,False,
184,North,Sonar SF,SF680,79.0,680.0,11.6,False,True,False,
185,North,Sonar SF,SF830,86.5,830.0,13.0,False,True,False,
186,North,Sonar SF,SF930,90.0,930.0,14.5,False,True,False,
187,North,Sonar SF,SF1080,91.5,1080.0,17.1,False,True,False,
188,North,Sonar SF,SF1230,93.0,1230.0,19.8,False,True,False,
189,North,Sonar MAv2,MA500,63.0,500.0,10.3,False,True,False,
190,North,Sonar MAv2,MA600,68.0,600.0,11.9,False,True,False,
191,North,Sonar MAv2,MA700,72.0,700.0,13.6,False,True,False,
192,North,Sonar MAv2,MA850,78.0,850.0,15.8,False,True,False,
193,North,Sonar MAv2,MA1050,85.0,1050.0,18.5,False,True,False,
194,North,Sonar MAv2,MA1200,87.5,1200.0,20.6,False,True,False,
195,North,Sonar MAv2,MA1500,92.0,1500.0,25.3,False,True,False,
196,North,Sonar MAv2,MA1850,96.0,1850.0,30.8,False,True,False,
197,North,Sonar MAv2,MA2100,100.0,2100.0,33.6,False,True,False,
198,North,Sonar MAv2,MA2400,104.0,2400.0,38.1,False,True,False,
199,North,Sonar HA,HA550,74.0,550.0,8.5,False,True,False,
200,North,Sonar HA,HA650,81.0,650.0,9.2,False,True,False,
201,North,Sonar HA,HA750,87.0,750.0,9.9,False,True,False,
202,North,Sonar HA,HA850,92.0,850.0,10.6,False,True,False,
203,North,Sonar HA,HA950,100.0,950.0,10.9,False,True,False,
204,North,Sonar HA,HA1050,105.0,1050.0,11.5,False,True,False,
205,North,Sonar HA,HA1150,110.0,1150.0,12.0,False,True,False,
206,North,Sonar HA,HA1250,112.0,1250.0,12.8,False,True,False,
207,North,Sonar HA,HA1450,120.0,1450.0,14.5,False,True,False,
208,North,Sonar DW,DW750,100.0,740.0,7.8,False,True,False,
209,North,Sonar DW,DW900,108.0,890.0,8.7,False,True,False,
210,North,Sonar DW,DW1100,115.0,1085.0,10.4,False,True,False,
211,North,Sonar DW,DW1400,125.0,1380.0,12.1,False,True,False,
212,Fanatic,Aero HA,1250,90.0,1250.0,13.9,False,True,False,
213,Fanatic,Aero HA,1500,95.0,1500.0,15.8,False,True,False,
214,Fanatic,Aero HA,1750,100.0,1750.0,17.5,False,True,False,
215,Fanatic,Aero HA,2000,110.0,2000.0,18.2,False,True,False,
216,Fanatic,Aero Carve,750,63.0,750.0,13.1,False,True,False,
217,Fanatic,Aero Carve,900,70.0,900.0,14.1,False,True,False,
218,Fanatic,Aero Carve,1150,78.0,1150.0,16.2,False,True,False,
219,Fanatic,Aero Carve,1400,86.0,1400.0,17.9,False,True,False,
220,Fanatic,Aero Free,800,78.6,800.0,10.7,False,True,False,
221,Fanatic,Aero Free,1000,84.7,1000.0,12.4,False,True,False,
222,Fanatic,Aero Free,1250,90.7,1250.0,14.4,False,True,False,
223,Fanatic,Flow Foil AL,900,81.2,900.0,12.2,False,True,False,
224,Fanatic,Flow Foil AL,1000,86.4,1000.0,12.7,False,True,False,
225,Fanatic,Flow Foil AL,1250,74.0,1250.0,18.6,False,True,False,
226,Fanatic,Flow Foil AL,1500,84.4,1500.0,19.6,False,True,False,
227,Ensis,Maniac Infinity ACE,690,72.0,690.0,10.5,False,True,False,
228,Ensis,Maniac Infinity ACE,840,79.5,840.0,11.6,False,True,False,
229,Ensis,Maniac Infinity ACE,990,86.0,990.0,12.7,False,True,False,
230,Ensis,Maniac Infinity ACE,1140,92.5,1140.0,13.6,False,True,False,
231,Ensis,Maniac Infinity ACE,1390,102.0,1390.0,15.0,False,True,False,
232,Ensis,Maniac Stride ACE,1360,110.0,1360.0,11.1,False,True,False,
233,Ensis,Maniac Stride ACE,1740,126.0,1740.0,12.4,False,True,False,
234,Starboard,Glider 2,2000,140.0,2000.0,15.7,False,True,False,
235,Starboard,Glider 2,1700,120.0,1700.0,15.6,False,True,False,
236,Starboard,Glider 2,1400,101.0,1400.0,15.2,False,True,False,
237,Starboard,Glider 2,1100,95.0,1100.0,12.7,False,True,False,
238,Starboard,Glider 2,900,84.0,900.0,11.8,False,True,False,
239,Starboard,Glider 2,750,74.0,750.0,11.1,False,True,False,
240,Starboard,Glider Pro,1260,116.0,1260.0,9.8,False,True,False,
241,Starboard,Glider Pro,1010,107.0,1010.0,8.5,False,True,False,
242,Starboard,Glider Pro,860,99.0,860.0,7.8,False,True,False,
243,Starboard,Glider Pro,710,91.0,710.0,7.0,False,True,False,
244,Starboard,MF,1160,125.0,1160.0,8.4,False,True,False,
245,Starboard,MF,960,115.0,960.0,7.5,False,True,False,
246,Starboard,MF,820,112.0,820.0,6.6,False,True,False,
247,Starboard,MF,720,101.0,720.0,6.4,False,True,False,
248,Starboard,MF,640,98.0,640.0,5.9,False,True,False,
249,Starboard,SLX,865,100.0,865.0,7.8,False,True,False,
250,Starboard,SLX,765,100.0,765.0,6.9,False,True,False,
251,Starboard,SLX,665,100.0,665.0,6.0,False,True,False,
252,Starboard,SLX,565,86.0,565.0,5.9,False,True,False,
253,Starboard,SLX,535,75.0,535.0,6.4,False,True,False,
254,Starboard,SLX,495,72.0,495.0,6.2,False,True,False,
255,Starboard,SLX,465,72.0,465.0,5.8,False,True,False,
256,Starboard,SLX,435,68.0,435.0,5.8,False,True,False,
257,Starboard,SLX,405,63.0,405.0,5.8,False,True,False,
258,Starboard,SLX,365,60.0,365.0,5.5,False,True,False,
259,Starboard,GT-R,650,69.0,650.0,8.5,False,True,False,
260,Moses,Onda,633,63.3,1250.0,34.0,False,True,False,
261,Moses,Medusa,790,79.9,1100.0,21.6,False,False,True,799
262,Moses,Medusa,899,89.9,1383.0,24.0,False,False,False,
263,Moses,Razor,820,82.0,746.0,16.0,False,False,False,
264,Moses,Razor,880,88.0,843.0,16.8,False,False,False,
265,Moses,Razor Pro,975,98.0,942.0,16.8,False,False,False,
266,Moses,Razor Pro,1075,107.5,1061.0,17.0,False,False,False,
267,Moses,Blade,700,70.0,552.0,13.1,False,False,False,
268,Moses,Leviathan,950,95.0,1300.0,22.9,False,False,False,
269,Moses,Leviathan,1150,115.0,1580.0,22.9,False,False,False,
270,Moses,Leviathan,1350,135.0,1870.0,22.9,False,False,False,
271,Moses,Leviathan,1550,155.0,2140.0,22.9,False,False,False,
272,Moses,Leviathan,1750,175.0,2400.0,22.9,False,False,False,
273,Moses,Onda 1000 HA,1000,100.0,1200.0,14.0,False,True,False,
274,Levitaz,Shaka HA,HA1100,85.0,1100.0,13.0,False,True,False,
275,Levitaz,Shaka HA,HA1600,111.0,1600.0,14.0,False,True,False,
276,Levitaz,Shaka,S 1200,68.0,1200.0,23.0,False,True,False,
277,Levitaz,Shaka,M 1500,73.0,1500.0,27.0,False,True,False,
278,Levitaz,Shaka,L 2000,95.0,2000.0,23.0,False,True,False,
279,Levitaz,Aspect,578,59.8,578.0,11.0,False,True,False,
280,Levitaz,Cruizer,989,63.2,989.0,22.0,False,True,False,
281,KT Foils,Solus,565,89.3,565.0,5.4,False,True,False,
282,KT Foils,Solus,650,95.5,650.0,5.8,False,True,False,
283,KT Foils,Solus,775,104.0,775.0,6.3,False,True,False,
284,KT Foils,Solus,930,114.0,930.0,6.9,False,True,False,
285,KT Foils,Solus,1110,125.0,1110.0,7.5,False,True,False,
286,KT Foils,Halo,550,66.5,550.0,8.3,False,True,False,
287,KT Foils,Halo,670,72.5,670.0,9.2,False,True,False,
288,KT Foils,Halo,800,80.0,800.0,10.0,False,True,False,
289,KT Foils,Halo,950,87.0,950.0,10.9,False,True,False,
290,KT Foils,Atlas,570,77.5,570.0,7.4,False,True,False,
291,KT Foils,Atlas,680,85.0,680.0,8.0,False,True,False,
292,KT Foils,Atlas,790,92.0,790.0,8.6,False,True,False,
293,KT Foils,Atlas,960,102.0,960.0,9.4,False,True,False,
294,KT Foils,Atlas,1120,111.0,1120.0,10.2,False,True,False,
295,KT Foils,Atlas,1340,122.0,1340.0,11.0,False,True,False,
296,KT Foils,Nomad,700,78.0,700.0,9.9,False,True,False,
297,KT Foils,Nomad,830,86.0,830.0,10.6,False,True,False,
298,KT Foils,Nomad,980,95.0,980.0,11.3,False,True,False,
299,KT Foils,Nomad,1160,105.0,1160.0,12.2,False,True,False,
300,KT Foils,Instinct,720,76.5,720.0,11.3,False,True,False,
301,KT Foils,Instinct,920,88.0,920.0,12.5,False,True,False,
302,KT Foils,Instinct,1120,97.1,1120.0,13.8,False,True,False,
303,Code Foils,S,500,69.5,500.0,10.1,False,True,False,
304,Code Foils,S,615,76.5,615.0,11.3,False,True,False,
305,Code Foils,S,720,83.0,720.0,12.1,False,True,False,
306,Code Foils,S,850,90.0,850.0,13.2,False,True,False,
307,Code Foils,S,980,96.5,980.0,14.2,False,True,False,
308,Code Foils,S,1130,103.5,1130.0,15.3,False,True,False,
309,Code Foils,S,1300,111.5,1300.0,16.3,False,True,False,
310,Code Foils,S,1540,121.0,1540.0,17.8,False,True,False,
311,Code Foils,S,1725,128.0,1725.0,18.9,False,True,False,
312,Code Foils,X,700,75.5,700.0,12.1,False,True,False,
313,Code Foils,X,740,78.0,740.0,12.3,False,True,False,
314,Code Foils,X,810,81.4,810.0,12.9,False,True,False,
315,Code Foils,X,890,85.2,890.0,13.6,False,True,False,
316,Code Foils,X,985,89.6,985.0,14.3,False,True,False,
317,Code Foils,R,600,88.0,600.0,8.2,False,True,False,
318,Code Foils,R,680,93.5,680.0,8.7,False,True,False,
319,Code Foils,R,770,100.0,770.0,9.2,False,True,False,
320,Code Foils,R,860,105.0,860.0,9.8,False,True,False,
321,Code Foils,R,960,111.5,960.0,10.3,False,True,False,
322,Code Foils,R,1075,118.0,1075.0,10.9,False,True,False,
323,Code Foils,R,1250,127.5,1250.0,11.8,False,True,False,
324,Code Foils,Kanga,1390,130.0,1390.0,12.8,False,True,False,
325,Code Foils,Kanga,1600,130.0,1600.0,14.8,False,True,False,
326,Code Foils,Kanga,1870,130.0,1870.0,17.3,False,True,False,
327,Code Foils,Kanga,2220,170.0,2220.0,15.7,False,True,False,
328,Omen,Agent,700,84.3,700.0,10.0,False,True,False,
329,Omen,Agent,900,95.4,900.0,11.0,False,True,False,
330,Omen,Agent,1100,107.0,1100.0,12.0,False,True,False,
331,Omen,Operator,850,90.0,850.0,12.0,False,True,False,
332,Omen,Operator,1050,90.0,1050.0,15.0,False,True,False,
333,Reedin,FlightAttendant,780,67.0,780.0,15.0,False,True,False,
334,Reedin,FlightAttendant,980,80.0,980.0,16.0,False,True,False,
335,Reedin,FlightAttendant,1280,85.0,1280.0,20.0,False,True,False,
336,Reedin,FlightAttendant,1480,95.0,1480.0,20.0,False,True,False,
337,Reedin,FlightAttendant,1880,105.0,1880.0,23.0,False,True,False,
338,Reedin,ElCapitano,575,74.0,575.0,9.0,False,True,False,
339,Reedin,ElCapitano,795,87.0,795.0,11.0,False,True,False,
340,Reedin,ElCapitano,995,97.0,995.0,12.0,False,True,False,
341,Reedin,ElCapitano,1195,106.0,1195.0,13.0,False,True,False,
342,Reedin,ElCapitano,1695,123.0,1695.0,15.0,False,True,False,
343,Sabfoil,LEVIATHAN BLACKBIRD,1350,135.0,1864.0,21.0,False,False,False,
344,Sabfoil,LEVIATHAN BLACKBIRD,1400,138.0,1549.0,18.0,False,False,False,WL1400/BB|WL1400-BB
345,Sabfoil,LEVIATHAN BLACKBIRD,1300,128.0,1330.0,16.7,False,False,False,
346,Sabfoil,BLACKBIRD RAZOR,1077,107.7,1069.0,17.0,False,False,False,
347,Sabfoil,BLACKBIRD RAZOR,977,97.7,953.0,16.7,False,False,False,
348,Sabfoil,BLACKBIRD RAZOR,847,84.7,784.0,16.0,False,False,False,
349,Sabfoil,BLACKBIRD RAZOR,737,73.7,648.0,14.7,False,False,False,
350,Sabfoil,SEA DEVIL 780 BLACKBIRD,780,78.0,950.0,18.2,False,False,False,
351,Sabfoil,BLACKBIRD BLADE,700,70.0,557.0,13.15,False,False,False,
352,Sabfoil,BLACKBIRD BALZ MULLER,965,96.5,1210.0,19.0,False,False,False,
353,Sabfoil,BLACKBIRD BALZ MULLER,905,90.5,998.0,17.0,False,False,False,
354,Sabfoil,BLACKBIRD BALZ MULLER,805,80.5,792.0,15.3,False,False,False,
355,Sabfoil,MEDUSA,699,69.9,880.0,19.5,False,False,False,
356,Sabfoil,MEDUSA,799,79.9,1100.0,21.6,False,False,False,
357,Sabfoil,MEDUSA,899,89.9,1383.0,24.0,False,False,False,
358,Sabfoil,MEDUSA,999,99.9,1747.0,25.9,False,False,False,
359,Sabfoil,SEA DEVIL,840,84.0,2122.0,48.0,False,True,False,
360,TAKOON,PUMP ONE,1600,121.0,1600.0,24.0,False,False,False,
361,TAKOON,PUMP ONE,1800,129.0,1800.0,25.0,False,False,False,
362,TAKOON,PUMP ONE,2000,136.0,2000.0,26.0,False,False,False,
363,Indiana,Barracuda,L+,116.6,1252.0,15.1,False,False,False,
364,Indiana,Barracuda,S,75.0,535.0,10.1,False,False,False,
365,Indiana,Barracuda,M,95.0,850.0,12.7,False,False,False,
366,Indiana,Barracuda,L,105.0,1050.0,14.2,False,False,False,
367,Indiana,Barracuda,XL,132.0,1600.0,17.2,False,False,False,
368,Indiana,Manta,XL,139.6,2047.0,24.3,False,False,False,
369,Indiana,Condor,S,110.0,1362.0,19.7,False,False,False,
370,Indiana,Condor,M,126.0,1737.0,22.4,False,False,False,
371,Indiana,Condor,XL,169.6,2274.0,22.5,False,False,False,
372,Indiana,Dolphin,S,82.7,720.0,11.1,False,False,False,
373,Indiana,Dolphin,M,92.5,900.0,12.5,False,False,False,
374,Indiana,Dolphin,L,101.3,1080.0,13.7,False,False,False,
375,Indiana,Dolphin,XL,109.4,1260.0,14.8,False,False,False,
376,Indiana,X-AR,750,75.0,595.0,17.0,False,False,False,
377,Indiana,X-AR,900,90.0,844.0,16.0,False,False,False,
378,Indiana,X-AR,1050,105.0,1123.0,17.0,False,False,False,
379,Indiana,X-AR,1320,132.0,1427.0,17.0,False,False,False,
380,Indiana,H-AR,920,92.0,1270.0,26.5,False,False,False,
381,Indiana,H-AR,1200,120.0,1658.0,28.5,False,False,False,
382,Indiana,Wake Thief,132,132.0,1935.0,22.5,False,True,False,
384,Takuma,Kujira II,650,69.0,650.0,13.0,False,True,False,
385,Takuma,Kujira II,800,78.0,800.0,14.0,False,True,False,
386,Takuma,Kujira II,950,87.0,950.0,15.0,False,True,False,
387,Takuma,Kujira II,1100,94.0,1100.0,16.0,False,True,False,
388,Takuma,Kujira II,1250,102.0,1250.0,17.0,False,True,False,
389,Takuma,Kujira II,1400,110.0,1400.0,18.0,False,True,False,
390,Takuma,Kujira,750,72.0,750.0,14.0,False,True,False,
391,Takuma,Kujira,980,85.0,980.0,15.0,False,True,False,
392,Takuma,Kujira,1095,92.0,1095.0,16.0,False,True,False,
393,Takuma,Kujira,1210,98.0,1210.0,17.0,False,True,False,
394,Takuma,Kujira,1440,108.0,1440.0,19.0,False,True,False,
396,Ketos,LD,166,166.0,1466.0,15.1,False,True,False,
397,Ketos,LD,1570,138.0,1570.0,19.4,False,True,False,
398,Ketos,EVO,133,133.0,1770.0,22.7,False,True,False,
399,Ketos,EVO,133 Lite,133.0,1770.0,22.7,False,True,False,
400,Ketos,Dock Start LR,155,155.0,1770.0,19.5,False,False,False,
401,Ketos,SPLIT,150,151.1,1630.0,18.4,False,True,False,
402,Ketos,SPLIT,135,135.1,1460.0,18.5,False,True,False,
403,Ketos,SPLIT,120,120.5,1320.0,18.7,False,True,False,
404,Ketos,KOBUN,99,99.0,742.0,12.8,False,True,True,
405,Ketos,KOBUN,111,111.0,933.0,14.4,False,True,True,
406,Ketos,KOBUN,122,122.0,1128.0,15.8,False,True,True,
407,Ketos,KOBUN,133,133.0,1340.0,17.2,False,True,True,
408,Ketos,Karve Freefly,750,83.5,750.0,15.3,False,True,True,
409,Ketos,Karve Freefly,950,94.0,950.0,17.3,False,True,True,
410,Ketos,Karve Freefly,1250,107.8,1250.0,19.8,False,True,True,
411,Ketos,Karve Freefly,1450,116.1,1450.0,21.3,False,True,True,
453,Gong,HYPER TRAIL V3 ATMO,S,89.0,700.0,16.2,False,False,False,
454,Gong,HYPER TRAIL V3 ATMO,M,98.0,850.0,17.8,False,False,False,
455,Gong,HYPER TRAIL V3 ATMO,L,107.0,1000.0,19.4,False,False,False,
456,Gong,HYPER TRAIL V3 ATMO,XL,119.0,1250.0,21.6,False,False,False,
457,Gong,HYPER TRAIL V3 ATMO,XXL,131.0,1500.0,23.7,False,False,False,
458,Gong,HYPER TRAIL V3 ATMO,3XL,141.0,1750.0,25.6,False,False,False,
459,Gong,SUPRA TRAIL V3 ATMO,XL,135.0,1250.0,20.0,False,False,False,
460,Gong,SUPRA TRAIL V3 ATMO,XXL,148.0,1500.0,22.0,False,False,False,
461,Gong,SUPRA TRAIL V3 ATMO,3XL,160.0,1750.0,23.7,False,False,False,
462,Gong,SUPRA TRAIL V3 ATMO,4XL,171.0,2000.0,25.3,False,False,False,
463,Gong,SUPRA TRAIL V3 ATMO,5XL,181.0,2250.0,26.9,False,False,False,
464,Gong,ULTRA TRAIL V3 ATMO,XL,149.0,1250.0,20.3,False,False,False,
465,Gong,ULTRA TRAIL V3 ATMO,XXL,163.0,1500.0,22.3,False,False,False,
466,Gong,ULTRA TRAIL V3 ATMO,3XL,176.0,1750.0,24.1,False,False,False,
467,Gong,ULTRA TRAIL V3 ATMO,4XL,188.0,2000.0,25.7,False,False,False,
468,Gong,ULTRA TRAIL V3 ATMO,5XL,200.0,2250.0,27.3,False,False,False,
469,Gong,SIRUS V3 ATMO PERF,L,116.0,1442.0,22.0,False,False,False,
470,Gong,SIRUS V3 ATMO PERF,XL,136.0,1691.0,22.0,False,False,False,
471,Gong,SIRUS V3 ATMO PERF,XXL,156.0,1940.0,22.0,False,False,False,
472,Gong,SIRUS V3 ATMO PERF,3XL,186.0,2313.0,22.0,False,False,False,
473,Gong,TRAIL V3 ATMO PERF,L,125.0,1660.0,26.1,False,False,False,
474,Gong,TRAIL V3 ATMO PERF,XL,135.0,1940.0,28.2,False,False,False,
475,Gong,TRAIL V3 ATMO PERF,XXL,145.0,2240.0,30.3,False,False,False,
476,Gong,SIRUS V3 ATMO TEAM,M,112.0,1150.0,19.7,False,False,False,
477,Gong,SIRUS V3 ATMO TEAM,L,124.0,1400.0,21.8,False,False,False,
478,Gong,SIRUS V3 ATMO TEAM,XL,135.0,1650.0,23.9,False,False,False,
479,Gong,SIRUS V3 ATMO TEAM,XXL,146.0,1950.0,25.8,False,False,False,
480,Gong,SIRUS V3 ATMO TEAM,3XL,161.0,2350.0,28.3,False,False,False,
481,Gong,TRAIL V3 ATMO TEAM,L,117.0,1350.0,21.9,False,False,False,
482,Gong,TRAIL V3 ATMO TEAM,XL,129.0,1650.0,24.2,False,False,False,
483,Gong,TRAIL V3 ATMO TEAM,XXL,140.0,1950.0,26.3,False,False,False,
484,Gong,TRAIL V3 ATMO TEAM,3XL,151.0,2250.0,28.3,False,False,False,
485,Gong,VELOCE DW V3 ATMO,XS,92.0,600.0,11.5,False,False,False,
486,Gong,VELOCE DW V3 ATMO,S,103.0,750.0,12.9,False,False,False,
487,Gong,VELOCE DW V3 ATMO,M,113.0,900.0,14.1,False,False,False,
488,Gong,VELOCE DW V3 ATMO,L,122.0,1050.0,15.3,False,False,False,
489,Gong,VELOCE DW V3 ATMO,XL,130.0,1200.0,16.3,False,False,False,
490,Gong,VELOCE XTR V3 ATMO,XS,101.0,600.0,15.4,False,False,False,
491,Gong,VELOCE XTR V3 ATMO,S,109.0,700.0,16.6,False,False,False,
492,Gong,VELOCE XTR V3 ATMO,M,116.0,800.0,17.8,False,False,False,
493,Gong,VELOCE XTR V3 ATMO,L,123.0,900.0,18.9,False,False,False,
494,AXIS,Fireball,880,88.0,604.0,15.1,False,True,False,
495,AXIS,Fireball,940,94.0,689.0,16.2,False,True,False,
496,AXIS,Fireball,1000,100.0,773.0,17.2,False,True,False,
497,AXIS,Fireball,1070,107.0,877.0,18.4,False,True,False,
498,AXIS,Fireball,1160,116.0,996.0,20.0,False,True,False,
499,AXIS,Fireball,1250,125.0,1133.0,21.5,False,True,False,
500,AXIS,Fireball,1350,135.0,1309.0,23.2,False,True,False,
501,F-One,JAM,1400,120.0,1400.0,16.5,False,True,False,
502,F-One,JAM,1600,128.0,1600.0,17.5,False,True,False,
503,F-One,JAM,1900,140.0,1900.0,19.0,False,True,False,
504,Duotone,WHIZZ SLS,850,86.0,850.0,17.0,False,True,False,
505,Duotone,WHIZZ SLS,1000,92.0,1000.0,18.7,False,True,False,
506,Duotone,WHIZZ SLS,1200,99.0,1200.0,20.8,False,True,False,
507,Duotone,WHIZZ SLS,1450,107.0,1450.0,23.3,False,True,False,
508,AFS,ULTRA,600,98.0,600.0,10.8,False,False,False,
509,AFS,ULTRA,750,106.0,750.0,12.3,False,False,False,
510,AFS,ULTRA,900,112.0,900.0,13.9,False,False,False,
511,AFS,ENDURO,600,81.3,600.0,10.8,False,False,False,
512,AFS,ENDURO,700,87.7,700.0,12.9,False,False,False,
513,AFS,ENDURO,800,94.0,800.0,13.9,False,False,False,
514,AFS,ENDURO,900,99.4,900.0,14.6,False,False,False,
515,AFS,ENDURO,1000,105.0,1000.0,15.5,False,False,False,
516,AFS,ENDURO,1100,110.0,1100.0,16.2,False,False,False,
517,AFS,ENDURO,1300,119.0,1300.0,17.8,False,False,False,
518,AFS,ENDURO GLT,1600,132.3,1600.0,19.0,False,False,False,
519,AFS,EVO HA,750,100.0,750.0,13.8,False,False,False,
520,AFS,EVO HA,1000,110.0,1000.0,16.0,False,False,False,
521,AFS,EVO,950,88.0,950.0,13.5,False,False,False,
522,AFS,EVO,1250,97.0,1250.0,16.5,False,False,False,
523,AFS,EVO,1450,104.0,1450.0,17.5,False,False,False,
524,AFS,EVO,1650,111.0,1650.0,17.5,False,False,False,
525,AFS,SILK V2,650,76.5,650.0,13.6,False,False,False,
526,AFS,SILK V2,750,82.1,750.0,14.7,False,False,False,
527,AFS,SILK V2,850,87.5,850.0,15.7,False,False,False,
528,AFS,SILK V2,950,92.5,950.0,16.7,False,False,False,
529,AFS,SILK V2,1050,97.2,1050.0,17.7,False,False,False,
530,AFS,SILK V2,1150,101.7,1150.0,18.7,False,False,False,
531,AFS,SILK,850,82.4,850.0,16.0,False,False,False,
532,AFS,SILK,1050,91.6,1050.0,17.9,False,False,False,
533,AFS,PURE HA,800,100.0,800.0,11.6,False,False,False,
534,AFS,PURE HA,1100,110.0,1100.0,14.5,False,False,False,
535,AFS,PURE,700,82.0,700.0,11.5,False,False,False,
536,AFS,PURE,900,90.0,900.0,14.1,False,False,False,
537,AFS,FLYER,1500,95.5,1500.0,20.0,False,False,False,
538,AFS,FLYER,1800,105.0,1800.0,22.0,False,False,False,
539,Gong,Curve H V2,XS,68.0,552.0,13.0,False,False,False,
540,Gong,Curve H V2,S,77.0,702.0,15.0,False,False,False,
541,Gong,Curve H V2,M,86.0,875.0,16.0,False,False,False,
542,Gong,Curve H V2,L,95.0,1068.0,18.0,False,False,False,
543,Gong,Curve H V2,XL,105.0,1305.0,20.0,False,False,False,
544,Gong,Curve H V2,XXL,115.0,1566.0,22.0,False,False,False,
545,Gong,Curve H V2,3XL,125.0,1850.0,23.0,False,False,False,
546,Gong,Curve H V2,4XL,145.0,2146.0,24.0,False,False,False,
547,Gong,Curve H V2,5XL,165.0,2442.0,24.0,False,False,False,
548,Gong,Curve H V2,6XL,185.0,3070.0,26.0,False,False,False,
549,Unifoil,Evolution,115,83.1,740.0,15.3,False,True,False,
550,Unifoil,Evolution,135,90.3,871.0,16.5,False,True,False,
551,Unifoil,Evolution,155,96.8,1000.0,17.7,False,True,False,
552,Unifoil,Evolution,175,102.8,1129.0,18.8,False,True,False,
553,Unifoil,Evolution,205,111.3,1323.0,20.4,False,True,False,
554,Unifoil,Evolution,235,119.1,1516.0,21.8,False,True,False,
555,Roam Foils,Front Foil,930,93.0,1179.0,21.7,False,True,False,
556,Roam Foils,Front Foil,1060,106.0,1726.0,27.9,False,True,False,
557,Roam Foils,Front Foil,1414,141.4,2080.0,25.2,False,True,False,
558,Roam Foils,Front Foil,1700,170.0,2800.0,28.2,False,True,False,
559,Beta Foils,Freefoil,2100,210.0,2100.0,14.0,False,True,False,
560,AXIS,Fireball,1500,150.0,1313.0,20.4,False,True,False,
561,AXIS,Fireball,1750,175.0,1525.0,20.3,False,True,False,
562,Armstrong,APF,1350,120.2,1350.0,19.2,False,True,False,
563,Armstrong,APF,1675,120.2,1675.0,23.8,False,True,False,
564,Armstrong,APF,1880,130.2,1880.0,24.7,False,True,False,
565,Armstrong,UHA,570,84.7,570.0,11.1,False,True,False,
566,Armstrong,UHA,670,91.9,670.0,12.0,False,True,False,
567,Armstrong,UHA,770,98.5,770.0,12.9,False,True,False,
568,Armstrong,UHA,870,104.7,870.0,13.7,False,True,False,
569,Armstrong,UHA,970,110.6,970.0,14.5,False,True,False,
570,Armstrong,UHA,1070,116.1,1070.0,15.2,False,True,False,
571,Armstrong,UHA,1270,126.5,1270.0,16.6,False,True,False,
572,Gong,Rise,XL,90.0,1844.0,35.0,False,False,False,
573,North,Sonar P,P2050,140.0,2050.0,23.4,False,True,False,
574,Gong,Allvator Fluid,L,81.0,1172.0,18.0,False,False,False,
575,Gong,Allvator Fluid,XXL,101.0,1822.0,22.0,False,False,False,
576,Gong,Allvator Fluid,XL-T,95.0,1545.0,16.0,False,False,False,
577,AXIS,PNG V2,1200,120.0,1803.0,17.5,False,True,False,
578,AXIS,PNG V2,1300,130.0,1632.0,14.6,False,True,False,
579,AXIS,PNG V2,1400,140.0,1786.0,14.9,False,True,False,
580,Code Foils,X,1085X,94.0,1085.0,15.0,False,True,False,
581,Code Foils,X,1195X,98.7,1195.0,15.7,False,True,False,
582,KT Foils,Instinct,1300,96.5,1300.0,16.1,False,True,False,
583,KT Foils,Instinct,1450,96.0,1450.0,18.1,False,True,False,
584,KT Foils,Instinct,2200,105.0,2200.0,25.1,False,True,False,
585,Indiana,MB Marlin,XXS,63.5,540.0,11.5,False,True,False,
586,Indiana,MB Marlin,XS,72.0,690.0,13.0,False,True,False,
587,Indiana,MB Marlin,S,79.5,840.0,14.0,False,True,False,
588,Indiana,MB Marlin,M,86.0,990.0,15.0,False,True,False,
589,Indiana,MB Marlin,L,92.5,1140.0,16.0,False,True,False,
590,Indiana,HP Ride,M,96.4,1550.0,21.5,False,True,False,
591,Indiana,HP Ride,L,105.4,1850.0,23.5,False,True,False,
592,Indiana,HP Ride,XL,109.4,2195.0,27.6,False,True,False,
593,Indiana,HP M-AR,754,75.4,950.0,17.5,False,True,False,
594,Duotone,Crest D/LAB,550,70.0,550.0,13.5,False,True,False,
595,Duotone,Crest D/LAB,675,79.0,675.0,14.7,False,True,False,
596,Duotone,Crest D/LAB,800,85.0,800.0,16.1,False,True,False,
597,Duotone,Crest D/LAB,925,90.0,925.0,17.6,False,True,False,
598,Duotone,Crest D/LAB,1050,96.0,1050.0,18.8,False,True,False,
599,Duotone,Crest D/LAB,1200,102.0,1200.0,20.2,False,True,False,
600,Duotone,Carve 3.0 SLS,800,75.0,800.0,18.3,False,True,False,
601,Duotone,Carve 3.0 SLS,950,81.0,950.0,20.1,False,True,False,
602,Duotone,Carve 3.0 SLS,1100,86.0,1100.0,21.9,False,True,False,
603,Duotone,Carve 3.0 SLS,1300,92.0,1300.0,24.2,False,True,False,
604,Duotone,Carve 3.0 D/LAB,500,61.0,500.0,14.1,False,True,False,
605,Duotone,Carve 3.0 D/LAB,650,68.0,650.0,16.4,False,True,False,
606,Duotone,Carve 3.0 D/LAB,800,75.0,800.0,18.3,False,True,False,
607,Duotone,Carve 3.0 D/LAB,950,81.0,950.0,20.2,False,True,False,
608,Duotone,Carve 3.0 D/LAB,1100,86.0,1100.0,22.0,False,True,False,
609,Duotone,Blitz D/LAB,550,68.0,550.0,13.9,False,True,False,
610,Duotone,Blitz D/LAB,800,81.0,800.0,17.0,False,True,False,
611,Duotone,Free 2.0,1300,97.0,1300.0,24.3,False,True,False,
612,Duotone,Free 2.0,1600,106.0,1600.0,27.4,False,True,False,
613,Duotone,Free 2.0,1900,114.0,1900.0,30.2,False,True,False,
614,Duotone,Lift,2400,111.0,2400.0,37.2,False,True,False,
615,Duotone,Hyperglide D/LAB,680,100.0,680.0,11.7,False,True,False,
616,Duotone,Hyperglide D/LAB,880,113.0,880.0,13.4,False,True,False,
617,North,Sonar SF,SF530,75.0,530.0,9.9,False,True,False,
618,North,Sonar P,P1800,130.0,1800.0,22.1,False,True,False,
619,North,Sonar DW,DW690,90.0,690.0,8.2,False,True,False,
620,North,Sonar DW,DW820,103.0,820.0,8.6,False,True,False,
621,F-One,GRAVITY CARBON,1800,90.0,1800.0,34.2,False,True,False,
622,F-One,GRAVITY CARBON,2200,110.0,2200.0,34.2,False,True,False,
623,F-One,GRAVITY FCT,1800,95.0,1800.0,32.4,False,True,False,
624,F-One,MOMENTUM,516,92.6,516.0,9.5,False,True,False,
625,F-One,MOMENTUM,616,99.5,616.0,10.6,False,True,False,
626,F-One,MOMENTUM,716,107.5,716.0,11.4,False,True,False,
627,F-One,MOMENTUM,816,115.0,816.0,12.2,False,True,False,
628,F-One,MOMENTUM,916,122.0,916.0,12.9,False,True,False,
629,F-One,PHANTOM FCT,1280,87.0,1280.0,25.2,False,True,False,
630,F-One,PHANTOM FCT,1480,96.0,1480.0,26.4,False,True,False,
631,F-One,PHANTOM FCT,1680,104.0,1680.0,27.7,False,True,False,
632,F-One,PHANTOM-S,740,69.5,740.0,18.2,False,True,False,
633,F-One,PHANTOM-S,840,74.0,840.0,19.4,False,True,False,
634,F-One,PHANTOM-S,940,78.0,940.0,20.6,False,True,False,
635,F-One,SK8 HM CARBON,550,67.0,550.0,14.1,False,True,False,
636,F-One,SK8 HM CARBON,650,72.5,650.0,15.4,False,True,False,
637,F-One,SK8 HM CARBON,750,77.5,750.0,16.6,False,True,False,
638,F-One,SK8 HM CARBON,850,82.5,850.0,17.7,False,True,False,
639,F-One,SK8 HM CARBON,950,87.0,950.0,18.7,False,True,False,
640,F-One,SK8 HM CARBON,1050,91.5,1050.0,19.7,False,True,False,
641,F-One,SK8 HM CARBON,1150,96.0,1150.0,20.5,False,True,False,
642,F-One,SUSHI UHM CARBON,620,69.5,620.0,15.3,False,True,False,
643,F-One,SUSHI UHM CARBON,680,72.5,680.0,16.1,False,True,False,
644,F-One,SUSHI UHM CARBON,740,75.5,740.0,16.8,False,True,False,
645,F-One,SUSHI UHM CARBON,820,79.5,820.0,17.7,False,True,False,
646,F-One,SUSHI UHM CARBON,920,84.0,920.0,18.8,False,True,False,
647,F-One,SUSHI UHM CARBON,1020,88.5,1020.0,19.8,False,True,False,
648,Starboard,Fusion,625,68.0,625.0,8.3,False,True,False,
649,Starboard,Fusion,725,74.0,725.0,8.8,False,True,False,
650,Starboard,Fusion,825,80.0,825.0,9.3,False,True,False,
651,Starboard,Fusion,925,86.0,925.0,9.7,False,True,False,
652,Starboard,Fusion,1100,86.0,1100.0,11.5,False,True,False,
653,Starboard,Fusion,1400,98.0,1400.0,12.9,False,True,False,
654,Starboard,Fusion,1800,93.0,1800.0,17.5,False,True,False,
655,Starboard,Fusion,2200,105.0,2200.0,18.9,False,True,False,
656,Starboard,Glider 3,750,84.0,750.0,8.0,False,True,False,
657,Starboard,Glider 3,900,92.0,900.0,8.8,False,True,False,
658,Starboard,Glider 3,1050,100.0,1050.0,9.4,False,True,False,
659,Starboard,Glider 3,1250,108.0,1250.0,10.4,False,True,False,
660,Starboard,MF,580,107.0,580.0,4.9,False,True,False,
661,Starboard,SLX,335,56.0,335.0,5.4,False,True,False,
662,Sabfoil,BALZ MULLER LIMITED,707,70.7,661.0,14.5,False,True,False,
663,Sabfoil,BALZ MULLER LIMITED,808,80.8,792.0,15.3,False,True,False,
664,Sabfoil,BALZ MULLER LIMITED,909,90.9,1000.0,17.0,False,True,False,
665,Sabfoil,BALZ MULLER LIMITED,969,96.9,1230.0,19.0,False,True,False,
666,Sabfoil,BLADE,700,70.0,552.0,13.1,False,False,False,
667,Sabfoil,BLADE,1000,100.0,987.0,13.7,False,True,False,
668,Sabfoil,RED DEVIL,596,60.0,441.0,13.2,False,True,False,
669,Sabfoil,RED DEVIL,636,64.0,550.0,13.2,False,True,False,
670,Sabfoil,RED DEVIL,776,77.6,649.0,13.2,False,True,False,
671,Sabfoil,RAZOR PRO FINISH,780,78.0,631.0,15.3,False,False,False,
672,Sabfoil,RAZOR PRO FINISH,820,82.0,746.0,16.0,False,False,False,
673,Sabfoil,RAZOR PRO FINISH,880,88.0,843.0,16.8,False,False,False,
674,Sabfoil,FRONT WING,730,73.0,1050.0,23.0,False,True,False,
675,Sabfoil,FRONT WING,1110,111.0,1180.0,14.0,False,True,False,
676,AFS,PURE RACE,560,75.0,560.0,10.8,False,True,False,
677,TAKOON,FLARE,550,66.0,550.0,13.6,False,True,False,
678,TAKOON,FLARE,650,72.0,650.0,14.9,False,True,False,
679,TAKOON,FLARE,750,77.5,750.0,16.0,False,True,False,
680,TAKOON,FLARE,850,84.0,850.0,16.6,False,True,False,
681,TAKOON,FLARE,950,89.0,950.0,16.7,False,True,False,
682,TAKOON,FLARE,1050,95.0,1050.0,16.7,False,True,False,
683,TAKOON,FLARE,1200,101.5,1200.0,18.4,False,True,False,
684,TAKOON,FLARE,1400,110.0,1400.0,20.6,False,True,False,
685,TAKOON,FLASH,450,66.0,450.0,12.0,False,True,False,
686,TAKOON,FLASH,530,72.0,530.0,14.0,False,True,False,
687,TAKOON,FLASH,680,81.5,680.0,15.6,False,True,False,
688,TAKOON,FLASH,770,86.4,770.0,16.0,False,True,False,
689,TAKOON,SWELL,1050,110.0,1050.0,18.6,False,True,False,
690,TAKOON,PACE,700,110.0,700.0,14.0,False,True,False,
691,TAKOON,STARTER,1600,94.0,1600.0,29.0,False,True,False,
692,TAKOON,STARTER,1800,100.0,1800.0,31.0,False,True,False,
693,TAKOON,STARTER,2000,106.0,2000.0,32.5,False,True,False,
694,Lift Foils,Lift 90 Vario,90,81.0,581.0,5.7,False,True,False,Vario 90
695,Lift Foils,Lift 120 Vario,120,89.0,774.0,7.0,False,True,False,Vario 120
696,Lift Foils,Lift 120 Vario Beta,120,86.0,744.0,6.9,False,True,False,Vario 120 Beta
697,Lift Foils,Lift 150 Vario,150,99.0,968.0,7.8,False,True,False,Vario 150|150 Vario LCS
698,Lift Foils,Lift 180 Vario,180,107.0,1161.0,8.7,False,True,False,Vario 180
699,Lift Foils,Lift 70 High Aspect,70,75.0,452.0,4.8,False,True,False,HA 70
700,Lift Foils,Lift 150 Havoc,150,86.0,968.0,13.5,False,True,False,Havoc 150|150 Havoc LCS
701,Lift Foils,Lift 200 Havoc LCS,200,89.0,1290.0,17.4,False,True,False,Havoc 200
702,Lift Foils,Lift 210 Camber Pro LCS,210,85.0,1355.0,19.1,False,True,False,Camber Pro 210
703,Lift Foils,Lift 270 Camber Pro,270,89.0,1742.0,23.5,False,True,False,Camber Pro 270
704,Lift Foils,Lift Florence 91 X,91,97.0,580.0,4.8,False,True,False,Florence 91
705,Lift Foils,Lift Grubb 150,150,76.0,968.0,15.3,False,True,False,Grubb 150
706,Takuma,Kujira,500,55.4,500.0,12.3,False,True,False,
707,Takuma,Kujira Helium,1200,81.5,1200.0,20.0,False,True,False,Helium 1200
708,Takuma,Kujira Helium,1500,91.0,1500.0,22.4,False,True,False,Helium 1500
709,Takuma,Kujira Helium,1750,98.0,1750.0,24.3,False,True,False,Helium 1750
710,Cabrinha,UNION Prestige,760,97.0,760.0,11.8,False,True,False,Prestige 760
711,Cabrinha,UNION Prestige,905,100.0,905.0,13.7,False,True,False,Prestige 905
712,Cabrinha,UNION Prestige,1150,112.0,1150.0,15.5,False,True,False,Prestige 1150
713,Cabrinha,UNION Whippit,750,78.0,750.0,14.5,False,True,False,Whippit 750
714,Cabrinha,UNION Whippit,850,83.0,850.0,15.5,False,True,False,Whippit 850
715,Cabrinha,UNION Whippit,1000,90.0,1000.0,16.8,False,True,False,Whippit 1000
716,Cabrinha,UNION Rebound,650,67.0,650.0,14.6,False,True,False,Rebound 650
717,Cabrinha,Fusion X-Series MKII,X700,64.0,700.0,15.2,False,True,False,X700 MKII
718,Cabrinha,Fusion X-Series MKII,X930,75.0,930.0,17.2,False,True,False,X930
719,Cabrinha,Fusion X-Series MKII,X1240,87.0,1240.0,19.8,False,True,False,X1240
720,Cabrinha,Fusion X-Series MKII,X1650,101.0,1650.0,22.7,False,True,False,X1650
721,Cabrinha,Fusion X-Series MKII,X2100,115.0,2100.0,25.4,False,True,False,X2100
722,Cabrinha,Fusion H-Series MKI,H650,72.0,650.0,13.6,False,True,False,H Series 650|H650
723,Cabrinha,Fusion H-Series MKI,H1200,90.0,1200.0,20.1,False,True,False,H Series 1200|H1200
724,Cabrinha,Fusion DA,DA850,48.8,850.0,24.2,False,True,False,DA 850
725,Reedin,ElCapitano,1395,117.0,1395.0,13.9,False,True,False,EC1395
726,Reedin,FlightAttendant,2300,118.5,2300.0,25.0,False,True,False,FA2300
727,Unifoil,Aggression,105,74.0,677.0,17.0,False,True,False,Agression 105
728,Unifoil,Aggression,115,76.0,741.0,18.1,False,True,False,Agression 115
729,Unifoil,Aggression,130,82.5,838.0,18.9,False,True,False,Agression 130
730,Unifoil,Aggression,150,89.0,967.0,20.2,False,True,False,Agression 150
731,Unifoil,Aggression,170,95.0,1096.0,21.5,False,True,False,Agression 170
732,Unifoil,Quest,110,97.0,709.0,12.5,False,True,False,Quest 110
733,Unifoil,Quest,135,107.8,870.0,13.8,False,True,False,Quest 135
734,Unifoil,Quest,160,117.5,1032.0,15.0,False,True,False,Quest 160
735,Unifoil,Progression,100,82.4,645.0,14.6,False,True,False,
736,Unifoil,Progression,125,89.8,806.0,16.7,False,True,False,
737,Unifoil,Hyper 2,190,95.2,1226.0,24.0,False,True,False,Hyper2 190|Hyper II 190
738,Unifoil,Vyper,170,81.5,1097.0,25.0,False,True,False,
739,Unifoil,Vyper,190,86.5,1226.0,26.4,False,True,False,
740,CORE,CFS Pulse,1990,140.0,1990.0,,False,False,False,CFS Pulse 1990
741,GA Foils,Move,600,74.7,600.0,,False,False,False,
742,GA Foils,Move,700,80.4,700.0,,False,False,False,
743,GA Foils,Move,800,85.9,800.0,,False,False,False,
744,GA Foils,Move,900,91.5,900.0,,False,False,False,
745,GA Foils,Move,1000,96.8,1000.0,,False,False,False,
746,GA Foils,Move,1150,103.1,1150.0,,False,False,False,
747,GA Foils,Move,1300,108.8,1300.0,,False,False,False,Move 1300 Dockstart
748,RRD,Flying Fish HA,750,105.0,750.0,,False,False,False,
749,RRD,Flying Fish HA,900,115.0,900.0,,False,False,False,
750,RRD,Flying Fish HA,1050,125.0,1050.0,,False,False,False,
751,Cloud IX Foils,FS,700,77.0,700.0,,False,False,False,FS700
752,Cloud IX Foils,FS,1780,129.5,1780.0,,False,False,False,FS1780
753,Horue,Kala,722,77.0,722.0,,False,False,False,
754,Horue,Kala,924,89.0,924.0,,False,False,False,
755,Horue,Kala,1116,97.1,1116.0,,False,False,False,
756,Horue,Kala,1402,108.0,1402.0,,False,False,False,Kala 1400
757,Liquid Force,Stratus,1100,94.0,1100.0,,False,False,False,Stratus 1100
758,TAAROA,HA,1700,108.0,1700.0,,False,False,False,HA1700
759,Konrad Boarding,LX,970,99.0,970.0,,False,False,False,LX970
760,AlpineFoil,RSX ULTRA AR17,600,100.0,600.0,,False,False,False,
761,AlpineFoil,RSX ULTRA AR17,735,112.0,735.0,,False,False,False,
762,AlpineFoil,RSX ULTRA AR17,930,126.6,930.0,,False,False,False,
763,MFC,FW,1600,85.0,1600.0,,False,False,False,FW1600
764,Aeromod,NJ,1320,115.0,1320.0,,False,False,False,1320 NJ
765,Zeeko,Bullet,1600,105.0,1600.0,,False,False,False,Bullet 1600
766,Delta,Performance HA,590,83.0,590.0,,False,False,False,HA 590
767,Gong,Fluid H V3,3XS,65.0,510.0,10.4,False,False,False,
768,Gong,Fluid H V3,XXS,72.0,610.0,11.5,False,False,False,
769,Gong,Fluid H V3,XS,77.0,710.0,12.3,False,False,False,
770,Gong,Fluid H V3,S,82.0,810.0,13.1,False,False,False,
771,Gong,Fluid H V3,M,87.0,910.0,13.9,False,False,False,
772,Gong,Fluid H V3,L,92.0,1010.0,14.7,False,False,False,
773,Gong,Fluid H V3,XL,99.0,1160.0,15.8,False,False,False,
774,Gong,Fluid H V3,XXL,105.0,1310.0,16.8,False,False,False,
775,Gong,Fluid H V3,3XL,111.0,1460.0,17.7,False,False,False,
776,Gong,Fluid H V3 FG,3XS,65.0,510.0,10.4,False,False,False,
777,Gong,Fluid H V3 FG,XXS,72.0,610.0,11.5,False,False,False,
778,Gong,Fluid H V3 FG,XS,77.0,710.0,12.3,False,False,False,
779,Gong,Fluid H V3 FG,S,82.0,810.0,13.1,False,False,False,
780,Gong,Fluid H V3 FG,M,87.0,910.0,13.9,False,False,False,
781,Gong,Fluid H V3 FG,L,92.0,1010.0,14.7,False,False,False,
782,Gong,Fluid H V3 FG,XL,99.0,1160.0,15.8,False,False,False,
783,Gong,Fluid H V3 FG,XXL,105.0,1310.0,16.8,False,False,False,
784,Gong,Fluid H V3 FG,3XL,111.0,1460.0,17.7,False,False,False,
785,Gong,Curve H V3,XXS,72.0,620.0,12.8,False,False,False,
786,Gong,Curve H V3,XS,78.0,720.0,13.8,False,False,False,
787,Gong,Curve H V3,S,83.0,820.0,14.7,False,False,False,
788,Gong,Curve H V3,M,88.0,920.0,15.6,False,False,False,
789,Gong,Curve H V3,L,95.0,1070.0,16.8,False,False,False,
790,Gong,Curve H V3,XL,101.0,1220.0,18.0,False,False,False,
791,Gong,Curve H V3,XXL,107.0,1370.0,19.0,False,False,False,
792,Gong,Curve H V3,3XL,113.0,1520.0,20.0,False,False,False,
793,Gong,Curve H V3 FG,XXS,72.0,620.0,12.8,False,False,False,
794,Gong,Curve H V3 FG,XS,78.0,720.0,13.8,False,False,False,
795,Gong,Curve H V3 FG,S,83.0,820.0,14.7,False,False,False,
796,Gong,Curve H V3 FG,M,88.0,920.0,15.6,False,False,False,
797,Gong,Curve H V3 FG,L,95.0,1070.0,16.8,False,False,False,
798,Gong,Curve H V3 FG,XL,101.0,1220.0,18.0,False,False,False,
799,Gong,Curve H V3 FG,XXL,107.0,1370.0,19.0,False,False,False,
800,Gong,Curve H V3 FG,3XL,113.0,1520.0,20.0,False,False,False,
801,Gong,Veloce H V3,XS,77.0,590.0,10.3,False,False,False,
802,Gong,Veloce H V3,S,87.0,740.0,11.5,False,False,False,
803,Gong,Veloce H V3,M,95.0,890.0,12.6,False,False,False,
804,Gong,Veloce H V3,L,103.0,1040.0,13.7,False,False,False,
805,Gong,Veloce H V3,XL,108.0,1150.0,14.4,False,False,False,
806,Gong,Veloce H V3,XXL,115.0,1300.0,15.3,False,False,False,
807,Gong,Veloce HDW V3,XS,89.0,600.0,10.8,False,False,False,
808,Gong,Veloce HDW V3,S,100.0,750.0,12.2,False,False,False,
809,Gong,Veloce HDW V3,L,118.0,1050.0,14.3,False,False,False,
810,Gong,Veloce HDW V3,XL,126.0,1200.0,15.3,False,False,False,
811,Gong,Ascent V3,S,69.0,690.0,14.8,False,False,False,
812,Gong,Ascent V3,M,78.0,870.0,16.6,False,False,False,
813,Gong,Ascent V3,L,87.0,1080.0,18.5,False,False,False,
814,Gong,Ascent V3,XL,95.0,1290.0,20.2,False,False,False,
815,Gong,Ascent V3,XXL,102.0,1500.0,21.8,False,False,False,
816,Gong,X-Over V3,M,74.0,850.0,17.3,False,False,False,
817,Gong,X-Over V3,L,84.0,1100.0,19.7,False,False,False,
818,Gong,X-Over V3,XL,95.0,1400.0,22.3,False,False,False,
819,Gong,X-Over V3,XXL,106.0,1750.0,24.8,False,False,False,
820,Gong,Ypra Race V3,430,65.0,430.0,10.9,False,False,False,
821,Gong,Ypra Race V3,480,69.0,480.0,11.6,False,False,False,
822,Gong,Ypra Race V3,540,73.0,540.0,12.2,False,False,False,
823,Gong,Ypra Race V3,670,82.0,670.0,13.7,False,False,False,
824,Gong,Ypra Slalom V3,XXS,67.0,500.0,11.4,False,False,False,
825,Gong,Ypra Slalom V3,XS,73.0,600.0,12.4,False,False,False,
826,Gong,Ypra Slalom V3,S,79.0,700.0,13.4,False,False,False,
827,Gong,Ypra Slalom V3,M,84.0,800.0,14.4,False,False,False,
828,Gong,Ypra Slalom V3,L,88.0,900.0,15.0,False,False,False,
829,Gong,Ypra Surf V3,XS,65.0,520.0,11.4,False,True,False,
830,Gong,Ypra Surf V3,S,71.0,620.0,12.4,False,False,False,
831,Gong,Ypra Surf V3,M,77.0,720.0,13.4,False,False,False,
832,Gong,Ypra Surf V3,L,82.0,820.0,14.3,False,False,False,
833,Gong,Ypra Surf V3,XL,87.0,920.0,15.1,False,False,False,
834,Gong,Ypra Surf-Freestyle V3,XXS,60.0,480.0,11.9,False,False,False,
835,Gong,Ypra Surf-Freestyle V3,XS,63.0,560.0,13.3,False,False,False,
836,Gong,Ypra Surf-Freestyle V3,S,65.0,620.0,14.2,False,False,False,
837,Gong,Ypra Surf-Freestyle V3,M,68.0,680.0,14.9,False,False,False,
838,Gong,Ypra Surf-Freestyle V3,L,71.0,740.0,15.5,False,False,False,
839,Gong,Ypra Freestyle V3,M,73.0,680.0,15.9,False,False,False,
840,Gong,Pro Fluid H V2,XS,72.0,609.0,9.4,False,False,False,
841,Gong,Pro Fluid H V2,S,82.0,786.0,11.0,False,False,False,
842,Gong,Pro Fluid H V2,M,92.0,994.0,12.0,False,False,False,
843,Gong,Pro Fluid H V2,L,102.0,1221.0,13.0,False,False,False,
844,Gong,Pro Fluid H V2,XL,112.0,1473.0,15.0,False,False,False,
845,Gong,Pro Fluid H V2,XXL,122.0,1747.0,16.0,False,False,False,
846,Gong,Pro Fluid H V2,3XL,152.0,2183.0,20.0,False,False,False,
847,Gong,Fluid H V2 Black,M,92.0,994.0,12.0,False,False,False,
848,Gong,Fluid H V2 Black,L,102.0,1221.0,13.0,False,False,False,
849,Gong,Fluid H V2 Black,XL,112.0,1473.0,15.0,False,False,False,
850,Gong,Fluid H V2 Black,3XL,152.0,2183.0,20.0,False,False,False,
851,Gong,Veloce H V2,XS,70.0,510.0,9.0,False,True,False,
852,Gong,Veloce H V2,S,75.0,586.0,9.6,False,True,False,
853,Gong,Veloce H V2,M,85.0,750.0,10.7,False,True,False,
854,Gong,Veloce H V2,L,95.0,937.0,11.8,False,True,False,
855,Gong,Veloce H V2,XL,105.0,1145.0,12.9,False,True,False,
856,Gong,Veloce H V2,XXL,115.0,1373.0,14.0,False,True,False,
857,Gong,Fluid V2,XXS,60.0,553.0,11.0,False,True,False,
858,Gong,Fluid V2,XS,65.0,649.0,12.1,False,True,False,
859,Gong,Fluid V2,S,70.0,756.0,13.3,False,True,False,
860,Gong,Fluid V2,M,78.0,951.0,15.3,False,True,False,
861,Gong,Fluid V2,L,86.0,1141.0,16.9,False,True,False,
862,Gong,Fluid V2,XL,93.0,1349.0,18.7,False,True,False,
863,Gong,Fluid V2,XXL,100.0,1543.0,20.0,False,True,False,
864,Gong,Curve V2,M,83.0,1009.0,16.0,False,True,False,
865,Gong,Curve V2,L,90.0,1199.0,19.2,False,True,False,
866,Gong,Curve V2,XL,98.0,1406.0,22.0,False,True,False,
867,Gong,Veloce V2,S,73.0,707.0,14.0,False,True,False,
868,Gong,Veloce V2,M,82.0,903.0,15.8,False,True,False,
869,Gong,Veloce V2,L,91.0,1098.0,17.3,False,True,False,
870,Gong,Veloce V2,XL,99.0,1300.0,18.7,False,True,False,
871,Gong,Veloce V2,XXL,106.0,1491.0,20.0,False,True,False,
872,Gong,X-Over V2,M,75.0,1032.0,20.0,False,True,False,
873,Gong,X-Over V2,L,85.0,1326.0,22.7,False,True,False,
874,Gong,X-Over V2,XL,95.0,1656.0,25.3,False,True,False,
875,Gong,X-Over V2,XXL,105.0,2023.0,28.0,False,True,False,
876,Gong,Pro Ypra Race V2,XS,71.0,486.0,11.3,False,True,False,
877,Gong,Pro Ypra Race V2,M,91.0,801.0,14.5,False,True,False,
878,Gong,Pro Ypra Race V2,L,101.0,1007.0,16.5,False,True,False,
879,Gong,Pro Ypra Race V2,XL,111.0,1214.0,18.0,False,True,False,
880,Gong,Pro Ypra Slalom V2,XS,60.0,447.0,11.2,False,True,False,
881,Gong,Pro Ypra Slalom V2,S,70.0,598.0,12.9,False,True,False,
882,Gong,Pro Ypra Slalom V2,MS,75.0,701.0,14.1,False,True,False,
883,Gong,Pro Ypra Slalom V2,M,80.0,782.0,14.8,False,True,False,
884,Gong,Pro Ypra Slalom V2,L,90.0,989.0,16.6,False,True,False,
885,Gong,Pro Ypra Slalom V2,XL,100.0,1221.0,18.4,False,True,False,
886,Gong,Curve H V2 Black,M,86.0,875.0,16.0,False,False,True,Curve H V2 Black
887,Gong,Curve H V2 Black,L,95.0,1068.0,18.0,False,False,True,Curve H V2 Black
888,Gong,Curve H V2 Black,XXL,115.0,1566.0,22.0,False,False,True,Curve H V2 Black
889,Gong,Curve H V2 Black,3XL,125.0,1850.0,24.0,False,False,True,Curve H V2 Black
890,Gong,Curve H V2 Black,6XL,185.0,3070.0,27.0,False,False,True,Curve H V2 Black
891,Lift Foils,Lift Florence 71 X,71,97.0,458.0,3.8,False,True,False,Florence 71
892,Unifoil,Vyper,150,74.9,968.0,24.0,False,True,True,
893,AlpineFoil,DK,1360,136.0,1950.0,,False,False,False,DK1360|Alpine DK 1360|Alpine dk 1360
895,Levitaz,Free Series Prototype,1200,150.0,1200.0,,False,False,False,FreeSeries 1200|Free Series 1200|Levitaz 1200
