id,user_id,sport,sport_class,sport_source,is_pumpfoil
1,2,generic,pumpfoil,default,True
2,2,generic,pumpfoil,default,True
3,2,generic,pumpfoil,default,True
4,2,generic,pumpfoil,default,True
5,2,generic,pumpfoil,default,True
6,2,generic,pumpfoil,default,True
7,2,generic,pumpfoil,default,True
8,2,generic,pumpfoil,default,True
9,2,surfing,pumpfoil,default,True
10,2,surfing,pumpfoil,default,True
11,2,surfing,pumpfoil,default,True
13,2,surfing,pumpfoil,default,True
14,2,surfing,pumpfoil,default,True
15,2,surfing,pumpfoil,default,True
16,2,surfing,pumpfoil,default,True
17,2,surfing,pumpfoil,default,True
18,2,surfing,pumpfoil,default,True
19,2,surfing,pumpfoil,default,True
20,2,wakeboarding,pumpfoil,default,True
21,2,windsurfing,pumpfoil,default,True
22,2,kitesurfing,pumpfoil,default,True
25,2,open_water,pumpfoil,default,True
26,2,open_water,pumpfoil,default,True
28,2,open_water,pumpfoil,default,True
29,2,open_water,pumpfoil,default,True
30,2,open_water,pumpfoil,default,True
31,2,open_water,pumpfoil,default,True
32,2,open_water,pumpfoil,default,True
33,2,open_water,pumpfoil,default,True
34,2,open_water,pumpfoil,default,True
35,2,open_water,pumpfoil,default,True
36,2,open_water,pumpfoil,default,True
37,2,open_water,pumpfoil,default,True
38,2,open_water,pumpfoil,default,True
39,2,open_water,pumpfoil,default,True
40,2,open_water,pumpfoil,default,True
41,2,open_water,pumpfoil,default,True
42,2,open_water,pumpfoil,default,True
52,2,surfing,pumpfoil,default,True
54,2,surfing,pumpfoil,default,True
55,2,surfing,pumpfoil,default,True
57,2,surfing,pumpfoil,default,True
58,2,surfing,pumpfoil,default,True
59,2,surfing,pumpfoil,default,True
60,2,surfing,pumpfoil,default,True
62,2,surfing,pumpfoil,default,True
64,2,surfing,pumpfoil,default,True
67,2,surfing,pumpfoil,default,True
69,2,surfing,pumpfoil,default,True
72,2,surfing,pumpfoil,default,True
73,2,stand_up_paddleboarding,pumpfoil,default,True
75,2,surfing,pumpfoil,default,True
76,2,surfing,pumpfoil,default,True
77,2,surfing,pumpfoil,default,True
79,2,surfing,pumpfoil,default,True
81,2,surfing,pumpfoil,default,True
82,2,surfing,pumpfoil,default,True
83,2,surfing,pumpfoil,default,True
84,2,surfing,pumpfoil,default,True
85,2,surfing,pumpfoil,default,True
86,2,surfing,pumpfoil,default,True
87,2,surfing,pumpfoil,default,True
88,2,surfing,pumpfoil,default,True
90,2,surfing,pumpfoil,default,True
92,2,surfing,pumpfoil,default,True
96,2,surfing,pumpfoil,default,True
98,2,surfing,pumpfoil,default,True
99,2,surfing,pumpfoil,default,True
100,2,surfing,pumpfoil,default,True
101,2,surfing,pumpfoil,default,True
102,2,surfing,pumpfoil,default,True
103,2,surfing,pumpfoil,default,True
104,2,surfing,pumpfoil,default,True
105,2,surfing,pumpfoil,default,True
106,2,surfing,pumpfoil,default,True
107,2,surfing,pumpfoil,default,True
108,2,surfing,pumpfoil,default,True
109,2,surfing,pumpfoil,default,True
110,2,surfing,pumpfoil,default,True
111,2,surfing,pumpfoil,default,True
112,2,surfing,pumpfoil,default,True
113,2,surfing,pumpfoil,default,True
114,2,surfing,pumpfoil,default,True
115,2,surfing,pumpfoil,default,True
116,2,surfing,pumpfoil,default,True
117,2,surfing,pumpfoil,default,True
118,2,surfing,pumpfoil,default,True
119,2,surfing,pumpfoil,default,True
121,2,surfing,pumpfoil,default,True
122,2,surfing,pumpfoil,default,True
123,2,surfing,pumpfoil,default,True
124,2,surfing,pumpfoil,default,True
125,2,surfing,pumpfoil,default,True
126,2,surfing,pumpfoil,default,True
127,2,surfing,pumpfoil,default,True
128,2,surfing,pumpfoil,default,True
130,2,surfing,pumpfoil,default,True
131,2,surfing,pumpfoil,default,True
132,2,surfing,pumpfoil,default,True
134,2,surfing,pumpfoil,default,True
135,2,surfing,pumpfoil,default,True
138,2,surfing,pumpfoil,default,True
139,2,surfing,pumpfoil,default,True
141,2,surfing,pumpfoil,default,True
142,2,surfing,pumpfoil,default,True
143,2,surfing,pumpfoil,default,True
144,2,surfing,pumpfoil,default,True
145,2,surfing,pumpfoil,default,True
146,2,surfing,pumpfoil,default,True
147,2,surfing,pumpfoil,default,True
148,2,surfing,pumpfoil,default,True
149,2,surfing,pumpfoil,default,True
150,2,surfing,pumpfoil,default,True
151,2,surfing,pumpfoil,default,True
152,2,surfing,pumpfoil,default,True
153,2,surfing,pumpfoil,default,True
154,2,surfing,pumpfoil,default,True
155,2,surfing,pumpfoil,default,True
156,2,surfing,pumpfoil,default,True
157,2,surfing,pumpfoil,default,True
158,2,surfing,pumpfoil,default,True
159,2,surfing,pumpfoil,default,True
160,2,surfing,pumpfoil,default,True
161,2,surfing,pumpfoil,default,True
162,2,surfing,pumpfoil,default,True
163,2,surfing,pumpfoil,default,True
164,2,surfing,pumpfoil,default,True
165,2,surfing,pumpfoil,default,True
166,2,surfing,pumpfoil,default,True
167,2,surfing,pumpfoil,default,True
168,2,surfing,pumpfoil,default,True
169,2,surfing,pumpfoil,default,True
170,2,surfing,pumpfoil,default,True
171,2,surfing,pumpfoil,default,True
174,2,surfing,pumpfoil,default,True
175,2,surfing,pumpfoil,default,True
176,2,surfing,pumpfoil,default,True
177,2,surfing,pumpfoil,default,True
178,2,surfing,pumpfoil,default,True
179,2,surfing,pumpfoil,default,True
180,2,surfing,pumpfoil,default,True
181,2,surfing,pumpfoil,default,True
184,2,surfing,pumpfoil,default,True
186,2,surfing,pumpfoil,default,True
187,2,surfing,pumpfoil,default,True
188,2,surfing,pumpfoil,default,True
189,2,surfing,pumpfoil,default,True
190,2,surfing,pumpfoil,default,True
191,2,surfing,pumpfoil,default,True
192,2,surfing,pumpfoil,default,True
200,2,surfing,pumpfoil,default,True
206,2,surfing,pumpfoil,default,True
207,2,surfing,pumpfoil,default,True
208,2,surfing,pumpfoil,default,True
209,2,surfing,pumpfoil,default,True
210,2,surfing,pumpfoil,default,True
211,2,surfing,pumpfoil,default,True
212,2,surfing,pumpfoil,default,True
214,2,surfing,pumpfoil,default,True
216,2,surfing,pumpfoil,default,True
218,2,surfing,pumpfoil,default,True
219,2,surfing,pumpfoil,default,True
220,2,surfing,pumpfoil,default,True
221,2,surfing,pumpfoil,default,True
253,2,open_water,pumpfoil,default,True
254,2,open_water,pumpfoil,default,True
255,2,open_water,pumpfoil,default,True
302,5,surfing,pumpfoil,default,True
360,13,open_water,pumpfoil,default,True
361,13,open_water,pumpfoil,default,True
410,17,pumpfoil,pumpfoil,default,True
411,17,pumpfoil,pumpfoil,default,True
412,17,pumpfoil,pumpfoil,default,True
428,17,pumpfoil,pumpfoil,default,True
429,21,pumpfoil,pumpfoil,auto,False
434,28,pumpfoil,pumpfoil,default,True
435,13,open_water,pumpfoil,default,True
436,13,open_water,pumpfoil,default,True
437,13,open_water,pumpfoil,default,True
438,13,open_water,pumpfoil,default,True
439,13,open_water,pumpfoil,default,True
440,13,open_water,pumpfoil,default,True
441,13,open_water,pumpfoil,default,True
442,28,pumpfoil,pumpfoil,default,True
443,28,pumpfoil,pumpfoil,default,True
444,28,pumpfoil,pumpfoil,default,True
447,21,pumpfoil,pumpfoil,default,True
460,21,pumpfoil,pumpfoil,auto,False
469,38,surfing,pumpfoil,default,True
470,38,surfing,pumpfoil,owner,True
471,38,surfing,pumpfoil,default,True
472,38,surfing,pumpfoil,default,False
476,17,pumpfoil,pumpfoil,default,True
477,21,pumpfoil,pumpfoil,auto,False
486,43,open_water,pumpfoil,default,True
487,43,open_water,pumpfoil,default,True
488,43,open_water,pumpfoil,default,True
491,43,open_water,pumpfoil,default,False
492,43,open_water,pumpfoil,default,True
493,43,open_water,pumpfoil,default,True
494,43,open_water,pumpfoil,default,True
495,43,open_water,pumpfoil,default,True
515,28,pumpfoil,pumpfoil,default,True
520,17,pumpfoil,pumpfoil,default,True
531,17,pumpfoil,pumpfoil,default,True
532,17,pumpfoil,pumpfoil,default,True
533,17,pumpfoil,pumpfoil,default,True
534,17,pumpfoil,pumpfoil,default,True
535,20,pumpfoil,pumpfoil,default,True
566,59,open_water,pumpfoil,default,True
568,17,pumpfoil,pumpfoil,owner,True
622,69,open_water,pumpfoil,default,True
624,75,pumpfoil,pumpfoil,default,True
625,70,pumpfoil,pumpfoil,default,True
627,17,pumpfoil,pumpfoil,default,True
634,70,pumpfoil,pumpfoil,default,True
635,70,pumpfoil,pumpfoil,default,True
636,70,pumpfoil,pumpfoil,default,True
637,70,pumpfoil,pumpfoil,default,True
638,70,pumpfoil,pumpfoil,default,True
639,70,pumpfoil,pumpfoil,default,True
640,70,pumpfoil,pumpfoil,default,True
641,70,pumpfoil,pumpfoil,default,True
642,70,pumpfoil,pumpfoil,default,True
643,70,pumpfoil,pumpfoil,default,True
644,70,pumpfoil,pumpfoil,default,True
645,70,pumpfoil,pumpfoil,default,True
658,17,pumpfoil,pumpfoil,default,True
662,17,pumpfoil,pumpfoil,default,True
664,70,pumpfoil,pumpfoil,default,True
694,87,pumpfoil,pumpfoil,default,True
700,70,pumpfoil,pumpfoil,default,True
719,97,generic,wakethief,admin,True
753,13,open_water,pumpfoil,default,True
765,87,pumpfoil,pumpfoil,default,True
780,108,generic,pumpfoil,default,True
781,108,open_water,pumpfoil,default,True
782,108,open_water,pumpfoil,default,True
783,108,open_water,pumpfoil,default,True
784,108,61,pumpfoil,default,False
785,108,61,pumpfoil,default,False
786,108,61,pumpfoil,default,False
787,108,generic,pumpfoil,default,True
788,108,generic,pumpfoil,default,True
789,108,generic,pumpfoil,default,True
790,87,pumpfoil,pumpfoil,default,True
794,17,pumpfoil,pumpfoil,default,True
804,87,pumpfoil,pumpfoil,default,True
825,17,pumpfoil,pumpfoil,default,True
841,28,pumpfoil,pumpfoil,default,True
849,20,pumpfoil,pumpfoil,default,True
903,28,pumpfoil,pumpfoil,default,True
914,87,pumpfoil,pumpfoil,default,True
924,13,pumpfoil,pumpfoil,default,True
932,70,pumpfoil,pumpfoil,default,True
934,97,generic,wakethief,admin,True
963,70,pumpfoil,pumpfoil,default,True
978,98,open_water,pumpfoil,default,True
979,128,open_water,pumpfoil,default,True
980,128,open_water,pumpfoil,default,True
983,128,open_water,pumpfoil,default,True
984,128,open_water,pumpfoil,default,True
985,128,open_water,pumpfoil,default,True
986,128,open_water,pumpfoil,default,True
987,128,open_water,pumpfoil,default,True
988,128,open_water,pumpfoil,default,True
989,128,open_water,pumpfoil,default,True
990,128,open_water,pumpfoil,default,True
991,128,open_water,pumpfoil,default,True
992,128,open_water,pumpfoil,default,True
993,128,open_water,pumpfoil,default,True
994,98,open_water,pumpfoil,default,True
995,98,open_water,pumpfoil,default,True
996,98,open_water,pumpfoil,default,True
997,98,open_water,pumpfoil,default,True
998,98,open_water,pumpfoil,default,True
999,98,open_water,pumpfoil,default,True
1000,98,open_water,pumpfoil,default,True
1001,98,open_water,pumpfoil,default,True
1003,98,open_water,pumpfoil,default,True
1006,87,pumpfoil,pumpfoil,default,True
1019,28,pumpfoil,pumpfoil,default,True
1031,69,open_water,pumpfoil,default,True
1033,135,generic,pumpfoil,default,True
1040,87,pumpfoil,pumpfoil,default,True
1041,135,running,pumpfoil,default,False
1042,135,running,pumpfoil,default,False
1043,135,running,pumpfoil,default,False
1044,135,pumpfoil,pumpfoil,default,True
1045,135,pumpfoil,pumpfoil,default,True
1046,135,pumpfoil,pumpfoil,default,True
1047,135,pumpfoil,pumpfoil,default,False
1048,135,running,pumpfoil,default,False
1049,135,running,pumpfoil,default,False
1050,135,pumpfoil,pumpfoil,default,False
1051,135,pumpfoil,wingfoil,owner,False
1052,135,windsurfing,wingfoil,admin,False
1053,135,windsurfing,pumpfoil,auto,True
1054,135,running,pumpfoil,default,False
1055,135,windsurfing,pumpfoil,auto,False
1056,135,running,pumpfoil,default,False
1057,135,kitesurfing,pumpfoil,default,True
1059,135,kitesurfing,pumpfoil,default,False
1060,135,kitesurfing,pumpfoil,default,True
1061,135,windsurfing,pumpfoil,auto,False
1062,135,windsurfing,pumpfoil,auto,True
1063,135,windsurfing,pumpfoil,auto,False
1064,135,windsurfing,pumpfoil,default,True
1065,135,windsurfing,pumpfoil,default,True
1066,135,kitesurfing,pumpfoil,default,True
1067,135,kitesurfing,pumpfoil,default,True
1068,135,windsurfing,pumpfoil,auto,False
1069,135,windsurfing,pumpfoil,auto,True
1070,135,running,pumpfoil,default,False
1071,135,kitesurfing,pumpfoil,default,True
1072,135,kitesurfing,pumpfoil,default,True
1073,135,kitesurfing,pumpfoil,default,True
1074,135,running,pumpfoil,default,False
1075,135,windsurfing,pumpfoil,auto,False
1076,135,running,pumpfoil,default,False
1077,135,generic,pumpfoil,default,True
1078,135,generic,pumpfoil,default,True
1080,135,generic,pumpfoil,default,True
1081,135,generic,pumpfoil,auto,False
1082,135,generic,pumpfoil,auto,False
1083,135,generic,pumpfoil,auto,True
1085,135,generic,pumpfoil,default,True
1087,135,generic,pumpfoil,default,True
1088,135,generic,pumpfoil,default,True
1089,135,generic,pumpfoil,default,True
1090,135,generic,pumpfoil,default,True
1091,135,generic,wingfoil,admin,False
1092,135,generic,pumpfoil,default,True
1093,135,generic,pumpfoil,default,False
1094,135,generic,pumpfoil,default,True
1095,135,generic,pumpfoil,default,True
1096,135,generic,pumpfoil,default,True
1097,135,walking,pumpfoil,default,False
1099,135,kitesurfing,pumpfoil,auto,False
1100,135,running,pumpfoil,default,False
1101,135,running,pumpfoil,default,False
1102,135,alpine_skiing,pumpfoil,default,False
1103,135,generic,pumpfoil,default,True
1104,135,generic,pumpfoil,default,True
1105,135,generic,pumpfoil,default,False
1106,135,generic,pumpfoil,default,True
1107,135,generic,pumpfoil,default,False
1108,135,generic,pumpfoil,default,True
1109,135,generic,pumpfoil,default,True
1111,135,generic,pumpfoil,default,True
1112,135,generic,pumpfoil,default,False
1113,135,generic,pumpfoil,default,True
1114,135,generic,pumpfoil,default,True
1115,135,generic,pumpfoil,default,True
1116,135,generic,pumpfoil,default,True
1117,135,generic,pumpfoil,default,True
1119,135,generic,pumpfoil,default,True
1120,135,generic,pumpfoil,auto,False
1121,135,cross_country_skiing,pumpfoil,default,False
1122,135,cross_country_skiing,pumpfoil,default,False
1123,135,cross_country_skiing,pumpfoil,default,False
1124,135,cross_country_skiing,pumpfoil,default,False
1125,135,generic,pumpfoil,default,True
1126,135,generic,pumpfoil,auto,False
1127,135,generic,pumpfoil,default,True
1128,135,generic,pumpfoil,default,True
1129,135,generic,pumpfoil,default,True
1130,135,running,pumpfoil,default,False
1133,135,generic,pumpfoil,auto,False
1134,135,cycling,pumpfoil,default,False
1135,135,generic,pumpfoil,default,True
1136,135,generic,pumpfoil,auto,False
1137,135,generic,pumpfoil,default,True
1138,135,generic,pumpfoil,default,True
1143,135,hiking,pumpfoil,default,False
1147,135,hiking,pumpfoil,default,False
1150,135,generic,pumpfoil,default,True
1151,135,generic,pumpfoil,default,True
1152,135,generic,pumpfoil,auto,False
1154,135,generic,pumpfoil,default,True
1155,135,generic,pumpfoil,default,False
1157,135,generic,pumpfoil,default,True
1158,135,generic,pumpfoil,default,True
1159,135,generic,pumpfoil,default,True
1161,135,generic,pumpfoil,default,True
1162,135,generic,pumpfoil,auto,True
1164,135,walking,pumpfoil,default,False
1165,135,generic,pumpfoil,default,True
1167,135,walking,pumpfoil,default,False
1168,135,generic,pumpfoil,default,False
1169,135,generic,pumpfoil,default,True
1170,135,generic,pumpfoil,auto,True
1171,135,generic,pumpfoil,default,True
1173,135,generic,pumpfoil,default,True
1174,135,generic,pumpfoil,auto,False
1176,135,open_water,pumpfoil,default,True
1178,135,open_water,pumpfoil,default,True
1179,135,open_water,pumpfoil,default,True
1180,135,generic,pumpfoil,auto,False
1181,135,open_water,pumpfoil,default,True
1182,135,open_water,pumpfoil,default,True
1184,135,open_water,pumpfoil,default,True
1185,135,open_water,pumpfoil,default,True
1186,135,open_water,pumpfoil,default,True
1187,135,open_water,pumpfoil,default,True
1188,135,open_water,pumpfoil,default,True
1189,135,open_water,pumpfoil,default,True
1190,135,generic,pumpfoil,default,False
1191,135,generic,pumpfoil,default,True
1192,135,generic,pumpfoil,auto,True
1193,135,generic,pumpfoil,auto,True
1194,135,generic,pumpfoil,auto,True
1196,135,generic,pumpfoil,auto,False
1197,135,generic,pumpfoil,default,False
1198,135,generic,pumpfoil,auto,True
1199,135,generic,pumpfoil,default,True
1200,135,generic,pumpfoil,auto,False
1202,135,generic,pumpfoil,default,True
1203,135,generic,pumpfoil,default,True
1204,135,generic,pumpfoil,auto,False
1205,135,generic,pumpfoil,default,True
1206,135,generic,pumpfoil,default,True
1208,135,generic,pumpfoil,default,True
1210,135,generic,pumpfoil,default,True
1211,135,generic,pumpfoil,default,True
1212,135,generic,pumpfoil,default,True
1218,135,generic,pumpfoil,auto,False
1219,135,generic,pumpfoil,default,True
1220,135,generic,pumpfoil,default,True
1221,135,generic,pumpfoil,default,True
1222,135,generic,pumpfoil,auto,True
1224,135,generic,pumpfoil,default,False
1239,139,surfing,pumpfoil,default,True
1240,139,surfing,pumpfoil,default,True
1241,139,surfing,pumpfoil,default,True
1242,139,track_me,pumpfoil,default,False
1243,139,track_me,pumpfoil,default,False
1246,95,pumpfoil,pumpfoil,default,True
1247,95,pumpfoil,pumpfoil,default,True
1248,95,pumpfoil,pumpfoil,default,True
1249,95,pumpfoil,pumpfoil,default,True
1250,95,pumpfoil,pumpfoil,default,True
1251,95,pumpfoil,pumpfoil,default,True
1252,95,pumpfoil,pumpfoil,default,True
1253,95,pumpfoil,pumpfoil,default,True
1254,95,pumpfoil,pumpfoil,admin,False
1255,95,pumpfoil,pumpfoil,admin,True
1256,95,pumpfoil,pumpfoil,default,True
1257,95,pumpfoil,pumpfoil,default,True
1258,95,pumpfoil,pumpfoil,default,True
1259,95,pumpfoil,pumpfoil,default,True
1260,95,pumpfoil,pumpfoil,default,True
1261,95,pumpfoil,pumpfoil,default,True
1262,95,pumpfoil,pumpfoil,auto,True
1263,95,pumpfoil,pumpfoil,default,True
1264,95,pumpfoil,pumpfoil,default,True
1265,95,pumpfoil,pumpfoil,default,True
1266,95,pumpfoil,pumpfoil,default,True
1267,95,pumpfoil,pumpfoil,default,True
1268,95,pumpfoil,pumpfoil,default,True
1269,95,pumpfoil,pumpfoil,default,True
1270,95,pumpfoil,pumpfoil,default,True
1271,95,pumpfoil,pumpfoil,default,True
1272,95,pumpfoil,pumpfoil,default,True
1273,95,pumpfoil,pumpfoil,default,True
1274,95,pumpfoil,pumpfoil,default,True
1275,95,pumpfoil,pumpfoil,default,True
1276,95,pumpfoil,pumpfoil,default,True
1277,95,pumpfoil,pumpfoil,default,True
1278,95,pumpfoil,pumpfoil,default,True
1279,95,pumpfoil,pumpfoil,default,True
1280,95,pumpfoil,pumpfoil,default,True
1281,95,pumpfoil,pumpfoil,default,True
1282,95,pumpfoil,pumpfoil,default,True
1283,95,pumpfoil,pumpfoil,default,True
1284,95,pumpfoil,pumpfoil,default,True
1285,95,pumpfoil,pumpfoil,default,True
1286,95,pumpfoil,pumpfoil,default,True
1287,95,pumpfoil,pumpfoil,default,True
1288,95,pumpfoil,pumpfoil,default,True
1289,95,pumpfoil,pumpfoil,default,True
1290,128,open_water,pumpfoil,default,True
1296,17,pumpfoil,pumpfoil,default,True
1307,95,pumpfoil,pumpfoil,default,True
1309,159,pumpfoil,pumpfoil,default,False
1325,95,pumpfoil,pumpfoil,default,True
1336,95,pumpfoil,pumpfoil,default,True
1354,70,pumpfoil,pumpfoil,default,True
1363,70,pumpfoil,pumpfoil,default,True
1375,142,open_water,pumpfoil,default,True
1376,142,generic,pumpfoil,default,True
1377,142,open_water,pumpfoil,default,True
1378,142,open_water,pumpfoil,default,True
1379,142,open_water,pumpfoil,default,True
1381,142,open_water,pumpfoil,default,True
1382,95,pumpfoil,pumpfoil,default,True
1397,70,pumpfoil,pumpfoil,default,True
1412,17,pumpfoil,pumpfoil,default,True
1413,87,pumpfoil,pumpfoil,default,True
1423,180,pumpfoil,pumpfoil,default,True
1424,180,pumpfoil,pumpfoil,default,True
1447,95,pumpfoil,pumpfoil,auto,False
1455,192,pumpfoil,pumpfoil,default,True
1456,192,pumpfoil,pumpfoil,default,True
1460,17,pumpfoil,wingfoil,owner,True
1471,180,pumpfoil,pumpfoil,default,True
1482,198,pumpfoil,pumpfoil,default,True
1550,95,pumpfoil,pumpfoil,default,True
1551,128,generic,pumpfoil,default,True
1552,128,generic,pumpfoil,default,True
1559,192,pumpfoil,pumpfoil,default,True
1576,198,pumpfoil,pumpfoil,default,True
1601,17,pumpfoil,wingfoil,owner,True
1661,95,pumpfoil,pumpfoil,default,True
1665,192,pumpfoil,pumpfoil,default,True
1666,214,open_water,pumpfoil,owner,True
1667,28,pumpfoil,pumpfoil,default,True
1669,214,generic,pumpfoil,default,True
1671,214,stand_up_paddleboarding,pumpfoil,default,True
1672,214,open_water,pumpfoil,default,True
1673,128,generic,pumpfoil,default,True
1674,128,generic,pumpfoil,default,True
1684,198,pumpfoil,pumpfoil,default,True
1694,139,surfing,pumpfoil,default,True
1695,159,pumpfoil,pumpfoil,default,False
1718,87,pumpfoil,pumpfoil,default,True
1736,28,pumpfoil,pumpfoil,default,True
1738,237,generic,wakethief,default,True
1740,237,generic,wakethief,default,True
1762,226,open_water,pumpfoil,default,True
1769,95,pumpfoil,pumpfoil,default,True
1777,70,pumpfoil,pumpfoil,default,True
1781,95,pumpfoil,pumpfoil,default,True
1785,226,open_water,pumpfoil,default,True
1790,128,generic,pumpfoil,default,True
1800,70,pumpfoil,pumpfoil,default,True
1812,95,pumpfoil,pumpfoil,default,True
1839,214,generic,pumpfoil,default,True
1860,198,pumpfoil,pumpfoil,default,True
1861,198,pumpfoil,pumpfoil,default,True
1862,95,pumpfoil,pumpfoil,default,True
1874,214,open_water,pumpfoil,default,True
1885,70,pumpfoil,pumpfoil,default,True
1887,258,pumpfoil,pumpfoil,default,True
1888,258,pumpfoil,pumpfoil,default,True
1889,258,pumpfoil,pumpfoil,default,True
1890,258,pumpfoil,pumpfoil,default,True
1891,258,pumpfoil,pumpfoil,default,True
1892,258,pumpfoil,pumpfoil,default,True
1893,258,pumpfoil,pumpfoil,default,True
1895,258,pumpfoil,pumpfoil,default,True
1896,258,pumpfoil,pumpfoil,default,True
1897,258,pumpfoil,pumpfoil,default,True
1898,258,pumpfoil,pumpfoil,default,True
1905,95,pumpfoil,pumpfoil,default,True
1920,214,generic,pumpfoil,default,True
1922,258,pumpfoil,pumpfoil,default,True
1940,95,pumpfoil,pumpfoil,default,True
1941,70,pumpfoil,pumpfoil,default,True
1950,180,pumpfoil,pumpfoil,default,True
1952,226,open_water,pumpfoil,default,True
1953,226,open_water,pumpfoil,default,True
1954,198,pumpfoil,pumpfoil,owner,True
1955,139,open_water,pumpfoil,default,True
1961,248,pumpfoil,pumpfoil,default,True
1962,192,pumpfoil,pumpfoil,default,True
1965,214,generic,pumpfoil,default,True
1971,87,pumpfoil,pumpfoil,default,True
1972,192,pumpfoil,pumpfoil,default,True
1973,70,pumpfoil,pumpfoil,default,True
1990,198,pumpfoil,pumpfoil,default,True
1995,95,pumpfoil,pumpfoil,default,True
2002,248,pumpfoil,pumpfoil,default,True
2015,216,open_water,pumpfoil,owner,True
2027,87,pumpfoil,pumpfoil,default,True
2029,264,open_water,pumpfoil,default,True
2030,264,open_water,pumpfoil,default,True
2038,180,pumpfoil,pumpfoil,default,True
2049,95,pumpfoil,pumpfoil,default,True
2052,248,pumpfoil,pumpfoil,default,True
2053,214,generic,pumpfoil,default,True
2054,274,pumpfoil,pumpfoil,default,True
2064,276,pumpfoil,pumpfoil,default,True
2065,276,pumpfoil,pumpfoil,default,True
2066,276,pumpfoil,pumpfoil,default,False
2067,276,pumpfoil,pumpfoil,default,True
2068,276,pumpfoil,pumpfoil,default,False
2071,276,pumpfoil,pumpfoil,default,False
2072,276,pumpfoil,pumpfoil,default,False
2073,276,pumpfoil,pumpfoil,default,False
2074,276,pumpfoil,pumpfoil,default,False
2076,276,pumpfoil,pumpfoil,default,False
2077,276,pumpfoil,pumpfoil,default,False
2079,276,pumpfoil,pumpfoil,default,False
2080,276,pumpfoil,pumpfoil,default,True
2081,276,pumpfoil,pumpfoil,default,True
2082,276,pumpfoil,pumpfoil,default,False
2083,276,pumpfoil,pumpfoil,default,False
2084,276,pumpfoil,pumpfoil,default,False
2085,276,pumpfoil,pumpfoil,default,False
2086,276,pumpfoil,pumpfoil,default,False
2087,276,pumpfoil,pumpfoil,default,False
2088,276,pumpfoil,pumpfoil,default,False
2089,276,pumpfoil,pumpfoil,default,False
2090,276,pumpfoil,pumpfoil,default,False
2092,276,pumpfoil,pumpfoil,default,False
2093,276,pumpfoil,pumpfoil,default,False
2094,276,pumpfoil,pumpfoil,default,False
2095,276,pumpfoil,pumpfoil,default,False
2101,226,open_water,pumpfoil,default,True
2109,226,open_water,pumpfoil,default,True
2111,95,pumpfoil,pumpfoil,default,True
2116,17,pumpfoil,pumpfoil,default,True
2131,139,pumpfoil,pumpfoil,default,True
2137,280,training,pumpfoil,default,False
2144,214,generic,pumpfoil,default,True
2156,158,pumpfoil,pumpfoil,default,True
2157,158,pumpfoil,pumpfoil,default,True
2190,278,pumpfoil,pumpfoil,default,True
2191,278,pumpfoil,pumpfoil,default,True
2194,198,pumpfoil,pumpfoil,default,True
2195,198,pumpfoil,pumpfoil,default,True
2204,286,pumpfoil,pumpfoil,default,True
2205,286,pumpfoil,pumpfoil,default,True
2215,286,pumpfoil,pumpfoil,default,True
2226,286,pumpfoil,pumpfoil,default,True
2259,226,open_water,pumpfoil,default,True
2271,277,pumpfoil,pumpfoil,default,True
2272,277,pumpfoil,pumpfoil,default,True
2273,277,pumpfoil,pumpfoil,default,True
2274,277,pumpfoil,pumpfoil,default,True
2287,248,pumpfoil,pumpfoil,default,True
2299,142,pumpfoil,pumpfoil,default,True
2300,142,pumpfoil,pumpfoil,default,True
2307,87,pumpfoil,pumpfoil,default,True
2308,258,pumpfoil,pumpfoil,default,True
2315,248,pumpfoil,pumpfoil,default,True
2320,95,pumpfoil,pumpfoil,default,False
2321,95,pumpfoil,pumpfoil,default,False
2353,198,pumpfoil,pumpfoil,default,True
2370,248,pumpfoil,pumpfoil,default,True
2375,140,pumpfoil,pumpfoil,default,False
2376,140,pumpfoil,pumpfoil,default,False
2377,140,pumpfoil,pumpfoil,default,False
2378,140,pumpfoil,pumpfoil,default,False
2379,140,pumpfoil,pumpfoil,default,False
2380,140,pumpfoil,pumpfoil,default,False
2381,140,pumpfoil,pumpfoil,auto,True
2382,140,pumpfoil,pumpfoil,default,False
2383,140,pumpfoil,pumpfoil,default,False
2384,140,pumpfoil,pumpfoil,default,False
2385,140,pumpfoil,pumpfoil,auto,True
2386,140,pumpfoil,pumpfoil,auto,True
2387,140,pumpfoil,pumpfoil,default,False
2388,140,pumpfoil,pumpfoil,default,False
2389,140,pumpfoil,pumpfoil,default,False
2390,140,pumpfoil,pumpfoil,default,False
2391,140,pumpfoil,pumpfoil,default,False
2392,140,pumpfoil,pumpfoil,default,False
2393,140,pumpfoil,pumpfoil,default,False
2394,140,pumpfoil,pumpfoil,default,False
2395,140,pumpfoil,pumpfoil,default,False
2396,140,pumpfoil,pumpfoil,default,False
2397,140,pumpfoil,pumpfoil,default,False
2398,140,pumpfoil,pumpfoil,default,False
2399,140,pumpfoil,pumpfoil,default,False
2400,140,pumpfoil,pumpfoil,default,False
2401,140,pumpfoil,pumpfoil,default,False
2402,140,pumpfoil,pumpfoil,default,False
2403,140,pumpfoil,pumpfoil,default,False
2404,140,pumpfoil,pumpfoil,auto,True
2405,140,pumpfoil,pumpfoil,auto,True
2406,140,pumpfoil,pumpfoil,auto,True
2407,140,pumpfoil,pumpfoil,default,False
2408,140,pumpfoil,pumpfoil,default,False
2409,140,pumpfoil,pumpfoil,default,False
2410,140,pumpfoil,pumpfoil,default,False
2411,140,pumpfoil,pumpfoil,auto,True
2412,140,pumpfoil,pumpfoil,default,False
2413,140,pumpfoil,pumpfoil,default,False
2414,140,pumpfoil,pumpfoil,default,False
2415,140,pumpfoil,pumpfoil,default,False
2416,140,pumpfoil,pumpfoil,default,False
2417,140,pumpfoil,pumpfoil,default,False
2418,140,pumpfoil,pumpfoil,auto,True
2419,140,pumpfoil,pumpfoil,auto,True
2420,140,pumpfoil,pumpfoil,default,False
2421,140,pumpfoil,pumpfoil,default,False
2422,140,pumpfoil,pumpfoil,default,False
2423,140,pumpfoil,pumpfoil,default,False
2427,140,pumpfoil,pumpfoil,default,False
2448,140,pumpfoil,pumpfoil,auto,True
2462,276,pumpfoil,pumpfoil,default,False
2464,140,pumpfoil,pumpfoil,default,False
2467,140,pumpfoil,pumpfoil,default,False
2505,140,pumpfoil,pumpfoil,default,False
2534,140,pumpfoil,pumpfoil,default,False
2547,140,pumpfoil,pumpfoil,default,False
2552,248,pumpfoil,pumpfoil,default,True
2553,180,pumpfoil,pumpfoil,default,True
2554,180,pumpfoil,wingfoil,owner,True
2555,180,pumpfoil,wingfoil,owner,True
2556,286,pumpfoil,pumpfoil,default,True
2563,320,pumpfoil,pumpfoil,auto,False
2564,320,pumpfoil,pumpfoil,default,True
2565,320,pumpfoil,pumpfoil,default,True
2566,320,pumpfoil,pumpfoil,default,True
2567,320,pumpfoil,pumpfoil,default,False
2568,320,pumpfoil,pumpfoil,default,True
2569,320,pumpfoil,pumpfoil,default,True
2570,320,pumpfoil,pumpfoil,default,True
2571,320,pumpfoil,pumpfoil,default,False
2572,320,pumpfoil,pumpfoil,auto,True
2573,320,pumpfoil,pumpfoil,default,True
2574,320,pumpfoil,pumpfoil,auto,True
2575,320,pumpfoil,pumpfoil,default,True
2576,320,pumpfoil,pumpfoil,default,False
2577,320,pumpfoil,pumpfoil,auto,True
2578,320,pumpfoil,pumpfoil,default,True
2579,320,pumpfoil,pumpfoil,auto,True
2580,320,pumpfoil,pumpfoil,default,False
2581,320,pumpfoil,pumpfoil,auto,False
2582,320,pumpfoil,pumpfoil,default,False
2583,320,pumpfoil,pumpfoil,default,True
2584,320,pumpfoil,pumpfoil,default,False
2585,320,pumpfoil,pumpfoil,auto,False
2586,320,pumpfoil,pumpfoil,auto,True
2587,320,pumpfoil,pumpfoil,auto,True
2588,320,pumpfoil,pumpfoil,auto,False
2599,95,pumpfoil,pumpfoil,default,True
2602,70,pumpfoil,pumpfoil,default,True
2605,140,pumpfoil,pumpfoil,default,False
2611,286,pumpfoil,pumpfoil,default,True
2617,95,pumpfoil,pumpfoil,default,True
2618,327,generic,pumpfoil,default,True
2619,327,pumpfoil,pumpfoil,default,True
2626,95,pumpfoil,pumpfoil,default,True
2628,320,pumpfoil,pumpfoil,default,True
2629,140,pumpfoil,pumpfoil,default,False
2645,276,pumpfoil,pumpfoil,default,False
2651,320,pumpfoil,pumpfoil,default,True
2652,320,pumpfoil,pumpfoil,default,True
2655,320,pumpfoil,pumpfoil,default,True
2656,320,pumpfoil,pumpfoil,default,True
2662,318,pumpfoil,pumpfoil,default,True
2666,320,pumpfoil,pumpfoil,default,True
2670,180,pumpfoil,pumpfoil,default,True
2676,140,pumpfoil,pumpfoil,default,False
2681,139,open_water,pumpfoil,default,True
2691,95,pumpfoil,pumpfoil,default,True
2696,70,pumpfoil,pumpfoil,default,True
2697,70,pumpfoil,pumpfoil,default,True
2701,140,pumpfoil,pumpfoil,default,True
2704,276,pumpfoil,pumpfoil,default,False
2710,87,pumpfoil,pumpfoil,default,True
2712,128,generic,pumpfoil,default,True
2713,128,generic,pumpfoil,default,True
2714,128,generic,pumpfoil,default,True
2732,198,pumpfoil,pumpfoil,default,True
2734,198,pumpfoil,pumpfoil,default,True
2735,198,pumpfoil,pumpfoil,default,True
2742,140,pumpfoil,pumpfoil,default,False
2746,248,pumpfoil,pumpfoil,default,True
2759,140,pumpfoil,pumpfoil,default,False
2771,318,pumpfoil,pumpfoil,default,True
2772,17,pumpfoil,pumpfoil,default,True
2779,140,pumpfoil,pumpfoil,default,True
2785,286,pumpfoil,pumpfoil,default,True
2786,142,pumpfoil,pumpfoil,default,True
2787,142,pumpfoil,pumpfoil,default,True
2788,142,pumpfoil,pumpfoil,default,True
2799,140,pumpfoil,pumpfoil,default,True
2800,95,pumpfoil,pumpfoil,default,True
2803,140,pumpfoil,pumpfoil,default,False
2805,359,pumpfoil,pumpfoil,default,False
2806,248,pumpfoil,pumpfoil,default,True
2810,248,pumpfoil,pumpfoil,default,True
2812,248,pumpfoil,pumpfoil,default,True
2814,140,pumpfoil,pumpfoil,default,False
2823,278,pumpfoil,pumpfoil,auto,True
2825,87,pumpfoil,pumpfoil,default,True
2829,95,pumpfoil,pumpfoil,default,True
2846,353,pumpfoil,pumpfoil,default,True
2855,198,pumpfoil,pumpfoil,default,True
2901,180,pumpfoil,pumpfoil,default,True
2912,276,pumpfoil,pumpfoil,default,False
2921,70,pumpfoil,pumpfoil,default,True
2922,276,pumpfoil,pumpfoil,default,True
2926,318,pumpfoil,pumpfoil,default,True
2928,17,pumpfoil,pumpfoil,owner,True
2937,198,pumpfoil,pumpfoil,default,True
2943,286,pumpfoil,pumpfoil,default,True
2956,198,pumpfoil,pumpfoil,default,True
2967,95,pumpfoil,pumpfoil,default,True
2973,180,pumpfoil,pumpfoil,default,True
2974,180,pumpfoil,pumpfoil,default,True
2980,318,pumpfoil,pumpfoil,default,True
2986,276,pumpfoil,pumpfoil,default,True
2995,180,pumpfoil,pumpfoil,default,True
2996,198,pumpfoil,pumpfoil,default,True
2997,320,pumpfoil,pumpfoil,default,True
2998,320,pumpfoil,pumpfoil,default,True
3000,17,pumpfoil,pumpfoil,default,True
3001,140,pumpfoil,pumpfoil,default,False
3009,95,pumpfoil,pumpfoil,default,True
3010,214,generic,pumpfoil,default,True
3012,248,pumpfoil,pumpfoil,default,True
3013,280,training,pumpfoil,default,False
3019,248,pumpfoil,pumpfoil,default,True
3022,286,pumpfoil,pumpfoil,default,True
3033,276,pumpfoil,pumpfoil,default,True
3038,353,pumpfoil,pumpfoil,default,True
3040,95,pumpfoil,pumpfoil,default,True
3041,318,pumpfoil,pumpfoil,default,True
3047,353,pumpfoil,pumpfoil,default,True
3049,198,pumpfoil,pumpfoil,default,True
3052,320,pumpfoil,pumpfoil,default,False
3053,320,pumpfoil,pumpfoil,auto,True
3054,320,pumpfoil,pumpfoil,auto,True
3062,248,pumpfoil,pumpfoil,default,True
3064,286,pumpfoil,pumpfoil,default,True
3071,318,pumpfoil,pumpfoil,default,True
3094,214,open_water,pumpfoil,default,True
3095,214,generic,pumpfoil,default,True
3096,214,generic,pumpfoil,default,True
3097,214,open_water,pumpfoil,default,True
3100,95,pumpfoil,pumpfoil,default,True
3101,396,pumpfoil,pumpfoil,default,True
3105,70,pumpfoil,pumpfoil,default,True
3110,276,pumpfoil,pumpfoil,default,False
3116,95,pumpfoil,pumpfoil,default,True
3117,198,pumpfoil,pumpfoil,default,True
3145,140,pumpfoil,pumpfoil,default,False
3155,276,pumpfoil,pumpfoil,default,False
3162,278,pumpfoil,pumpfoil,default,True
3167,140,pumpfoil,pumpfoil,default,False
3170,404,generic,pumpfoil,default,True
3171,404,generic,pumpfoil,default,True
3172,404,generic,pumpfoil,default,True
3173,404,generic,pumpfoil,default,True
3174,404,generic,pumpfoil,default,True
3175,404,generic,pumpfoil,default,True
3176,404,generic,pumpfoil,default,True
3177,404,generic,pumpfoil,default,True
3178,404,generic,pumpfoil,default,True
3181,320,pumpfoil,pumpfoil,default,False
3182,140,pumpfoil,pumpfoil,default,True
3189,320,pumpfoil,pumpfoil,auto,True
3191,140,pumpfoil,pumpfoil,default,True
3194,404,generic,pumpfoil,default,False
3196,140,pumpfoil,pumpfoil,default,False
3203,248,generic,pumpfoil,default,True
3215,353,pumpfoil,pumpfoil,default,True
3217,318,pumpfoil,pumpfoil,default,True
3223,140,pumpfoil,pumpfoil,default,False
3225,320,pumpfoil,pumpfoil,auto,True
3233,320,pumpfoil,pumpfoil,default,False
3239,140,pumpfoil,pumpfoil,default,False
3251,404,generic,pumpfoil,default,True
3252,404,open_water,pumpfoil,default,True
3253,404,generic,pumpfoil,default,True
3259,140,pumpfoil,pumpfoil,default,False
3260,310,pumpfoil,pumpfoil,default,True
3262,310,pumpfoil,pumpfoil,default,True
3278,140,pumpfoil,pumpfoil,default,False
3289,17,pumpfoil,pumpfoil,default,True
3290,140,pumpfoil,pumpfoil,default,False
3295,278,pumpfoil,pumpfoil,default,True
3309,140,pumpfoil,pumpfoil,default,True
3312,320,pumpfoil,pumpfoil,default,True
3313,140,pumpfoil,pumpfoil,default,False
3316,198,pumpfoil,pumpfoil,default,True
3318,248,generic,pumpfoil,default,True
3325,318,pumpfoil,pumpfoil,default,True
3330,140,pumpfoil,pumpfoil,default,False
3338,320,pumpfoil,pumpfoil,default,True
3339,198,pumpfoil,pumpfoil,default,True
3340,17,pumpfoil,pumpfoil,default,True
3344,404,generic,pumpfoil,default,True
3354,180,pumpfoil,wingfoil,owner,True
3395,248,generic,pumpfoil,default,True
3400,310,pumpfoil,pumpfoil,default,True
3401,310,pumpfoil,pumpfoil,default,True
3402,140,pumpfoil,pumpfoil,default,False
3405,140,pumpfoil,pumpfoil,default,False
3426,140,pumpfoil,pumpfoil,default,False
3435,318,pumpfoil,pumpfoil,default,True
3445,198,pumpfoil,pumpfoil,default,True
3452,248,generic,pumpfoil,default,True
3453,417,pumpfoil,other,owner,True
3463,214,stand_up_paddleboarding,pumpfoil,default,True
3464,214,pumpfoil,pumpfoil,default,True
3465,214,generic,pumpfoil,default,True
3491,353,pumpfoil,pumpfoil,default,True
3492,353,pumpfoil,pumpfoil,default,True
3493,320,pumpfoil,pumpfoil,default,True
3494,353,pumpfoil,pumpfoil,default,True
3496,95,pumpfoil,pumpfoil,default,True
3498,140,pumpfoil,pumpfoil,default,False
3501,353,pumpfoil,pumpfoil,default,True
3504,353,pumpfoil,pumpfoil,default,True
